client_id,encrypted_clientname,encrypted_password,encrypted_email,created_on
2,Qvzobh'Ztpao,KeV?aAop,harpuzvuthyphoGlehtwsl5vyn,2021-07-27 14:45:06
4,Iyhkslf'Thyapu,18qBgH,qhtlz87Glehtwsl5vyn,2022-12-02 05:11:35
5,Qvzobh'Afsly,-<Iip8,tpjohlsnyllulGlehtwsl5jvt,2021-04-24 00:55:26
7,Nylnvyf'Nblyylyv,Yp>kGTNv++r>,rypzafwhyrlyGlehtwsl5vyn,2020-05-31 21:50:52
9,Hslehukyh'Rhbmthu,"(,=KrWmvb=id",pulszvuGlehtwsl5vyn,2020-03-03 07:03:38
11,Lypr'Thzvu,";>tsiR*d,@H(vG",nvughslgjoypzavwolyGlehtwsl5vyn,2022-12-23 19:02:18
12,Aptvaof'Mvdsly,Wu<Cf<x2/f:1sS,cvspclyGlehtwsl5ula,2022-05-13 23:55:55
14,Zjvaa'Jyhpn,(ihj;YAbh:PZ,vtpajolssGlehtwsl5vyn,2020-09-02 01:56:07
17,Kvuuh'Tpssly'TK,(f9>BBPj,oluzslfqluupmlyGlehtwsl5vyn,2022-02-09 15:10:59
18,Qvouuf'Whyrly,GfaG(n@Vhf<,thyzohsslspghilaoGlehtwsl5jvt,2020-06-30 01:17:44
20,Hsslu'Jbucupunoht,L7Zj+bPtf;X>gI,ayvkypnblgGlehtwsl5vyn,2020-05-13 19:29:47
21,Khuplssl'Ivdlu,",<GNTmy",zhuavzyhjolsGlehtwsl5vyn,2021-02-24 05:11:37
23,Joypzapul'Jhtlyvu,0S>WBy,qabjrlyGlehtwsl5jvt,2021-01-11 10:10:13
25,Rhaoyfu'Msvfk,i=TG<pkTe,kvuuhslcpulGlehtwsl5ula,2021-09-30 10:34:18
26,Yfhu'Khcpz,N*=Syw,lspghilao>=Glehtwsl5vyn,2021-10-12 18:16:33
28,Tlnohu'Ulszvu,f@8Q1np@f,tpyhukhhuklyzvuGlehtwsl5jvt,2021-02-13 06:38:34
29,Yvilya'Ayhu,G;fG8AJuJPJ2,thyf?>Glehtwsl5vyn,2022-07-13 04:25:38
31,Apuh'Tjjvytpjr,G@K>i(w2>D:WwC,nlvynlzolypGlehtwsl5vyn,2020-12-02 14:08:04
33,Hkht'Jhyy,(:ZoKG,niluzvuGlehtwsl5ula,2022-02-06 23:48:46
34,Alylzh'Jhyaly,/9pABg8,awyvjavyGlehtwsl5ula,2020-08-20 08:11:09
36,Khyslul'Jhyyvss,-2>YJ8o,hnbpshyjoypzavwolyGlehtwsl5ula,2020-08-16 21:01:39
38,Qhtlz'Ypjohykzvu,"e8GDWII,vfFv",jyhpnwvwlGlehtwsl5vyn,2021-08-16 15:02:40
39,Dpsspht'Olzz,Z>hf27Hom(,wthfzGlehtwsl5ula,2021-11-03 07:17:00
41,Qhjvi'Dhsrly,fhoiOpM*K(7eT2,uldavujshbkphGlehtwsl5vyn,2022-11-26 03:04:56
43,Aovthz'Ahal,*k91N;u:Nt9Ty,labjrlyGlehtwsl5vyn,2020-08-05 00:54:54
44,Hukyld'Zavrlz,<aSgeW/z0s,iyphuhztpaoGlehtwsl5ula,2023-05-11 19:03:08
46,Iypaaulf'Clslg,*:7fVJ@m,qhtlz88Glehtwsl5vyn,2023-01-13 18:34:23
48,Ahyh'Xbpuu,ARaLUY1r-E2>WR,rlssfyvipuzvuGlehtwsl5jvt,2021-07-01 16:50:26
49,Qvou'Yvkypnblg,2BXdMrU>t;R,iyhukftpjohlsGlehtwsl5jvt,2021-01-16 20:47:11
51,Svyp'Tvuyvl'KKZ,*ZHe0GaF97Vl,oiyvduGlehtwsl5jvt,2021-05-09 08:48:06
52,Qlzzpjh'Nlvynl,>9Byr9Mwz;fs20,viyvduGlehtwsl5vyn,2021-09-17 01:39:17
54,Qvzlwo'Nvughslg,9I(OFjdu-,ypjohykmsvylzGlehtwsl5jvt,2022-10-19 01:16:10
56,Rhylu'Ivdlu,"G,?TNt",fvbuniyluaGlehtwsl5ula,2021-08-11 01:41:11
57,Joypzavwoly'Jlychualz,eKU=Bir,iyphutbssluGlehtwsl5vyn,2021-07-31 20:45:39
59,Tpjohls'Jvsl,7eAgfCqd(9,rypzalurluulkfGlehtwsl5ula,2022-08-01 03:16:42
61,Olhaoly'Dpssphtz'TK,1>VeuErm,hzoslf9@Glehtwsl5vyn,2021-01-20 16:57:05
62,Tpjohls'Vdluz,",?WkRg",xjoypzaluzluGlehtwsl5vyn,2021-01-20 18:15:50
64,Tpjohls'Dhyk,wD-/RSTmtf<,joypzavwolyjhzayvGlehtwsl5jvt,2022-09-24 00:01:30
65,Joypzapul'Ohss,"9CZPZJiBT@,i2",huaovuf79Glehtwsl5ula,2021-09-20 22:46:14
67,Hslehukyh'Thaaoldz,07iVVf,zhyhozjvaaGlehtwsl5jvt,2022-02-18 23:54:59
69,Hslehukly'Yvkypnblg,>k@Mh<Xb*,rohfzGlehtwsl5ula,2022-02-20 22:46:29
70,Nsluu'Tvyhslz,JEbGLcaeQ==>Uc,kthjrGlehtwsl5vyn,2021-01-22 18:05:57
72,Aptvaof'Dvvk,"c=;rnuYk0?,s",aptvaof<7Glehtwsl5vyn,2021-11-21 21:25:45
74,Qhjvi'Tlflyz,1M7T>tDbrjOow;,hbzapu>7Glehtwsl5vyn,2022-07-05 23:07:16
75,Ylnpuhsk'Rlssf,j>KCr<eQ(,lypjrzvukhcpkGlehtwsl5vyn,2020-02-01 05:29:31
77,Qvzobh'Jbuupunoht,2aQyv8Dg,klhuuh@:Glehtwsl5ula,2021-09-14 14:41:55
78,Khupls'Wplyjl,C+80TBjd+,yjhyalyGlehtwsl5ula,2022-04-06 05:23:58
80,Hthukh'Zavul,*j>MUe*yPslF?,zohdutjpuavzoGlehtwsl5vyn,2021-10-10 02:07:26
82,Zohyp'Obnolz,1me7R8Tuz0e,afslynbaplyylgGlehtwsl5ula,2021-01-31 17:26:41
83,Rptilysf'Dhyk,+<VXw*,grpunGlehtwsl5vyn,2021-08-25 16:00:16
85,Hukylh'Zptz,",2GA>z;re7",gtjrhfGlehtwsl5ula,2020-12-04 03:11:43
86,Qvzlwo'Tlyjly,gf2vHjZS1TT;,iyphuuhkhcpzGlehtwsl5ula,2020-02-21 22:06:04
1,zopcht,Golssv89:,zopcht99777,2020-05-26 22:55:56
16,Rypzapu3'Zhuklyz,"(;sG<,t;",ilsstpjohlsGlehtwsl5vyn,2021-03-16 08:49:42
92,Alyyf'Obnolz,0UlZoK7mf@Kb,kvuuhzhuklyzGlehtwsl5vyn,2021-07-24 15:23:26
93,Iyvvrl'Huklyzvu,089XbD,joypzavwoly78Glehtwsl5vyn,2021-09-29 11:37:11
95,Qvzlwo'Rvjo,TB@+FcJE<PM2*s,iyhukvuishjrdlssGlehtwsl5ula,2021-11-03 11:45:12
96,Hunlsh'Zhspuhz,-?EoMGbR,lspghilaoobmmGlehtwsl5vyn,2020-02-06 05:38:38
98,Ovssf'Rpyr,-GFzqI?bV8yc(1,wlaly><Glehtwsl5ula,2021-06-05 04:07:13
100,Qhzvu'Ypslf,18>Hvy,yvuhsk>?Glehtwsl5vyn,2021-07-30 01:04:03
101,Iylaa'Ztpao,G2WcUefh2*>,zhyho@?Glehtwsl5ula,2022-04-25 03:56:03
103,Zhiypuh'Tjmhyshuk,8f:-lcUFDWGYY,ovstlzhunlshGlehtwsl5ula,2022-07-12 16:04:10
105,Kbzapu'Ishjrdlss,e-=Mzh,thyr;<Glehtwsl5vyn,2020-04-28 16:31:43
106,Rhaolypul'Hytzayvun,nT-7tDbf,qvhuunbaplyylgGlehtwsl5vyn,2022-04-12 11:32:10
108,Ayvf'Klhu,"J*(?;NgjN,O",hunlshrhbmthuGlehtwsl5vyn,2023-01-09 10:54:15
109,Yhukf'Zhujolg,eG7Cgp,zvufhsvnhuGlehtwsl5vyn,2022-11-28 12:42:43
111,Joypzapul'Aovthz,7r-:rSb,thynhylaiyvduGlehtwsl5ula,2022-03-28 17:17:53
113,Khcpk'Ibyuz,S0=cJyHfF,aptvaof:>Glehtwsl5jvt,2021-03-04 09:42:13
114,Huuh'Fhun,"R1Lb>SEm,",hukyldnsluuGlehtwsl5ula,2021-05-17 04:18:07
116,Qvuhaovu'Qluupunz,vOsJAMla-a@0,zalwolu98Glehtwsl5jvt,2022-12-17 19:30:13
117,Hslepz'Johwthu,*9QsKkd,zohul7<Glehtwsl5vyn,2020-07-05 23:48:14
119,Yvilya'Tpssz'Qy5,/J<9Vn2a,wdlzaGlehtwsl5ula,2022-12-19 04:31:31
121,Uvyth'Chujl,/xffR=8Tn=,aovthzjhtwvzGlehtwsl5vyn,2021-05-21 00:26:21
122,Khupls'Jvslthu,MGgHZFVjfN?,bhjvzahGlehtwsl5jvt,2021-08-19 09:17:42
124,Khupls'Thfz,ObeXvxpH(9;GN,liyhbuGlehtwsl5jvt,2022-09-23 01:32:38
126,Phu'Ibjr,Vw*1;BZs,hslepzvspclyGlehtwsl5jvt,2020-02-27 14:19:56
127,Lypu'Hsslu,e97:Oz,tpjohls@<Glehtwsl5jvt,2022-01-21 21:35:05
129,Shbypl'Ovbzl,GtV@lMFht=t,ofhalzGlehtwsl5jvt,2021-12-10 04:56:52
130,Khyylss'Jhyaly,C*9FhrZ,hunls8?Glehtwsl5vyn,2023-04-06 15:20:14
132,Yhjols'Zdhuzvu,+/:GP+-v->OI?,ayhcpzqvzlwoGlehtwsl5ula,2022-04-10 10:04:19
133,Qlmmylf'Qhjrzvu,HPf9NqRA0i,wspaaslGlehtwsl5ula,2023-04-09 23:10:12
135,Aptvaof'Ibjohuhu,1xXu8J=(f@,zolyyf88Glehtwsl5jvt,2021-08-18 03:23:55
137,Qlzzpjh'Tvzslf,70C:Fk((x,cwhyrzGlehtwsl5vyn,2022-12-24 22:42:55
138,Kluupz'Tbuvg,?P8;Ym;tG,lmvzalyGlehtwsl5jvt,2020-07-08 08:51:52
140,Joypzapuh'Nvvkdpu,deEw>CDsqj;+:,qptlulgyvilyaGlehtwsl5ula,2021-12-08 23:28:02
142,Johyslz'Ypchz,GOE*lxr+e:,rhaolypul;=Glehtwsl5jvt,2020-10-25 11:55:57
143,Huaovuf'Qhjviz,"@a8,kghk11JO",lypj:7Glehtwsl5vyn,2021-07-18 20:05:49
145,Qbhu'Hcpsh,+c/Ow<Nhg@hmmS,ldvsmlGlehtwsl5jvt,2021-07-09 08:40:11
146,Shbyh'Ivfk,*Ge9RK=k,zlhu>:Glehtwsl5ula,2022-04-29 00:36:18
148,Joypzavwoly'Kbuu,h*U;XmTJE,huaovuf<7Glehtwsl5jvt,2022-08-27 17:58:21
150,Tpjohls'Tjrupnoa,iE;xPGYp-J1(,dzuvdGlehtwsl5ula,2020-05-02 03:59:16
151,Wlaly'Mplskz,M0@:kUwcIvz,qhrljshyrGlehtwsl5ula,2022-10-04 05:02:50
153,Zalclu'Thyapulg,/70/Zw,hsilya9?Glehtwsl5vyn,2023-04-14 04:24:06
154,Lchu'Ylpk,"XX;:Oh9v,,",khcpkohyypzvuGlehtwsl5jvt,2020-10-04 01:50:02
156,Rfsl'Ohyypz,y(tpxGk0-Gl>kB,uwhstlyGlehtwsl5vyn,2020-10-04 00:19:32
157,Hzoslf'Qlurpuz,ir8GpdgG0=q,nnhyghGlehtwsl5jvt,2022-08-19 16:27:25
159,Kluupz'Jvvwly,-kh/da/uHZ;NcD,jvyf=7Glehtwsl5vyn,2023-04-04 22:41:59
160,Iylukh'Uldavu,+>b:Ld,qvulzzohulGlehtwsl5jvt,2021-10-21 18:22:41
162,Uhaohu'Zhujolg,(VfcIq/Kl;ZI,ahukyldzGlehtwsl5ula,2022-10-22 19:40:52
164,Qlyvtl'Zhchnl,M*?YV2Ze,iluulaatpjohlsGlehtwsl5ula,2021-05-13 04:20:39
166,Upjovsl'Tvyhslz,-g8@SNk,qabyulyGlehtwsl5ula,2023-01-02 15:20:12
167,Qvzobh'Dpssphtz,:2d@wJixYR,ahttftvuanvtlyfGlehtwsl5vyn,2022-04-15 07:57:27
169,Ky5'Qvou'Ypclyz,?+@VQ+x,jolszlh=7Glehtwsl5jvt,2021-08-18 07:01:34
170,Qluupmly'Zpuno,2@BotJ,nvvkthuaptvaofGlehtwsl5jvt,2021-05-19 23:35:12
172,Hunlsh'Olyuhuklg,t1:cSi,obnolzavufGlehtwsl5ula,2021-08-13 02:47:24
174,Kfshu'Ohuzlu,*f@1F;Hl,zhyho9=Glehtwsl5jvt,2022-09-29 11:21:45
175,Ybilu'Vjvuuvy,(eV@;N<j+C:Yg,czptwzvuGlehtwsl5ula,2022-02-18 03:07:39
180,Kvuhsk'Qvouzvu,eyKP7;GPZ?,thyzohssqhztpulGlehtwsl5ula,2023-03-12 16:37:14
182,Thyr'Iypnnz,A1p?yWroXa,joypzapuh=@Glehtwsl5jvt,2020-06-12 14:31:19
184,Spukzlf'Whbs,MEwo=>o*fe;DmF,zalwohupl@?Glehtwsl5jvt,2020-06-05 14:55:19
185,Jvsavu'Wlalyzvu,"xP,?K+d?Zr",eohykpunGlehtwsl5vyn,2022-09-20 19:45:57
186,Thyph'Zavul,(;ETdys,rypzap:9Glehtwsl5vyn,2023-01-17 06:22:08
188,Lypr'Tvyavu,>yc*>NNhL,ayhcpzyfhuGlehtwsl5jvt,2021-08-19 19:27:26
190,Htf'Ohss,(@WYaT,ulszvuzlaoGlehtwsl5ula,2022-05-22 18:23:00
191,Yfhu'Yvkypnblg,wgRugwsh0<;B,obualyhuaovufGlehtwsl5jvt,2022-12-17 19:26:46
193,Joypzavwoly'Ypjohykzvu,00:r8(fjcfV,lkdhykzthypsfuGlehtwsl5ula,2023-04-13 08:47:09
195,Ayhjp'Sp,/0:ZS=nj,zohuuvu<7Glehtwsl5jvt,2022-01-14 00:04:33
196,Qhtlz'Zjvaa,"+lQ,:kZw",mjshyrGlehtwsl5vyn,2021-02-25 22:34:14
198,Ky5'Nlvynl'Qvouzvu,t-?E97Wpy,zyhukhssGlehtwsl5ula,2020-04-16 04:41:51
199,Iylukh'Tbuvg,TINqGBYT(9+,upjovshz:9Glehtwsl5ula,2022-03-04 23:38:15
201,Qbsph'Jshyr,fyX1Pgr<JiCtB7,jpukf9=Glehtwsl5vyn,2022-01-03 03:56:14
202,Iyphu'Ztpao,+e:pqcPxPRVS,rptshbyhGlehtwsl5ula,2022-06-28 11:22:33
204,Upjovshz'Mlynbzvu'Qy5,"0,i,G@Nj",qzovyaGlehtwsl5ula,2020-09-16 06:17:22
206,Qluupmly'Thuu,1e@YvhJ,lchuzqvzlwoGlehtwsl5jvt,2023-03-12 04:04:50
207,Qvykhu'Kpevu,=8pD*xuq2iG,ayhjlf;:Glehtwsl5jvt,2021-02-22 03:30:27
209,Jvssllu'Dhyk,18vQxxv,tpjohlsiljrGlehtwsl5jvt,2023-04-14 08:43:37
211,Zbzhu'Ylpk,",s?R+rcM",khcpkzvuhsleGlehtwsl5ula,2020-07-27 08:06:36
212,Wlaly'Ihyyf,fD9@QDv(b,jveiylukhGlehtwsl5ula,2022-12-03 06:24:03
214,Hupah'Rpun,"w,RLOy>jK,r>",zalwohuplkphgGlehtwsl5ula,2022-03-28 12:59:25
216,Thynhyla'Ypclyh,VzUJli8k*i=T,dpssphtzqvouGlehtwsl5vyn,2021-09-08 23:14:05
217,Svyyhpul'Lhavu,v2Na=2No,uilyuhykGlehtwsl5vyn,2021-06-18 20:03:58
219,Iypaaulf'Zohd,qf91@pJEYdE,zalcludypnoaGlehtwsl5jvt,2020-08-08 01:02:31
220,Myhujpzjv'Rlssf,fw<ePOrJX7C,mrlsslfGlehtwsl5ula,2020-03-12 23:29:43
222,Qluuh'Dvvkz,"9B,2fXKb/BT",xovbzavuGlehtwsl5vyn,2022-08-15 19:03:40
223,Tpjolsl'Ztpao,/<BiK>kwl,khypbz=>Glehtwsl5vyn,2020-09-23 19:19:20
225,Kfshu'Nhyjph,-;jo7o1w(EubY,nlvynlwlylgGlehtwsl5vyn,2022-02-02 04:22:25
227,Qvzobh'Thyapu,9xr9Kwuv:f,jvvwlyuhaohuplsGlehtwsl5jvt,2022-02-08 16:06:17
228,Zahjlf'Lsspz,ef;dJ==nA,qlhu:=Glehtwsl5vyn,2021-10-12 06:56:39
230,Rhalsfu'Ybzzlss,0<9bSQzv,avufspaaslGlehtwsl5jvt,2020-08-30 01:10:45
232,Rypzah'Dhsrly,+<BcpgGh+9,qhjvi;;Glehtwsl5jvt,2021-04-17 22:54:03
233,Ahttf'Yvzz,0c<0HBkvAzh-A,qbzapu>9Glehtwsl5vyn,2021-05-11 17:50:12
235,Rhaosllu'Rluulkf,*BZ<Yot,qunbfluGlehtwsl5vyn,2020-10-30 16:36:32
237,Zalclu'Npsilya'TK,(==WGG7=@b<lkm,qvoudllrzGlehtwsl5vyn,2022-04-02 05:37:36
238,Qvuhaohu'Wplyjl,*:LV?MzE,spzh>?Glehtwsl5vyn,2021-12-05 09:16:32
240,Zbzhu'Obajopuzvu,0r:E0oL;,jlzhyhuklyzvuGlehtwsl5jvt,2022-07-18 09:28:39
241,Ahttf'Npizvu,kw@;XNtH-+Lr,zpttvuzdlzslfGlehtwsl5jvt,2021-09-03 12:24:30
243,Thaaold'Npiiz,",0=Vh(ob*/cU",qvzlwokhcpzGlehtwsl5vyn,2020-09-10 17:57:56
245,Thaaold'Dhalyz,9Nfc+@Vs;jG,vdluzihyihyhGlehtwsl5jvt,2023-01-15 02:36:30
246,Zlao'Ztpao,fsfp=<SacR9,vthyapulgGlehtwsl5jvt,2021-10-26 21:56:14
248,Htf'Zalpu,KfH+WFTl*0nf<L,iyllkGlehtwsl5jvt,2023-01-22 06:28:43
249,Hwyps'Wvvsl,",>Ej;<slp1IEh*",fihrlyGlehtwsl5vyn,2021-12-27 15:10:47
251,Hzosll'Ohflz,@@fVAUdh1,hsilyajoluGlehtwsl5vyn,2020-09-11 20:07:21
253,Alylzh'Thaaoldz,;Gew@Ud,tpjolssldhsalyzGlehtwsl5ula,2022-10-12 19:10:15
254,Kvbnshz'Qvykhu,(9;HDxG,wztpaoGlehtwsl5jvt,2022-04-11 23:57:36
256,Lypu'Tlhkvdz,oLXGm?oqO+CZco,htfwlalyzGlehtwsl5vyn,2023-03-25 03:42:57
258,Iyhukvu'Wvyaly,fC;HfwDcV*n9Yz,nylnvyfmvzalyGlehtwsl5ula,2022-08-16 01:13:37
259,Sll'Ohfz,W8HVVumueW,kyvkypnblgGlehtwsl5jvt,2022-11-12 23:02:59
261,Dlukf'Qvulz,F7QSq9qe27+2p,gbupnhjvbyaulfGlehtwsl5ula,2020-10-23 01:25:00
263,Thypzzh'Tpssly,(J?KfCnxJ,tlshupl<7Glehtwsl5vyn,2021-06-17 22:27:30
264,Tpjolssl'Hukyldz,ePj@1CTvV(,mvzalyjbyapzGlehtwsl5jvt,2023-01-01 04:23:20
90,Lspghilao'Joypzaluzlu,-?KOVN>e+8,khypbz;8Glehtwsl5ula,2023-01-31 19:18:16
268,Rlcpu'Oluklyzvu,BN*<kAhj(dPZZo,jvspu9;Glehtwsl5vyn,2023-02-12 22:42:03
270,Joypzaphu'Ihpslf,"p=A,jyLT1",ydpssphtzGlehtwsl5ula,2022-06-19 23:45:38
272,Hhyvu'Qlurpuz,0ueV9@Qfe*,khcpk@=Glehtwsl5vyn,2023-03-23 04:58:57
273,Qluupmly'Aovtwzvu,Gl=tCp,sivdthuGlehtwsl5ula,2020-12-03 23:54:33
275,Nlvynl'Zohuuvu,f1Z>wVktIm,thjrlugpl>@Glehtwsl5vyn,2021-05-02 21:32:01
277,Joypzapul'Nbaplyylg,"Y,R1eB7G/9",uhujf=@Glehtwsl5ula,2021-01-09 08:51:14
278,Rlukyh'Mhbsruly,Tbr07Wn,zohuuvu=8Glehtwsl5ula,2022-08-14 00:23:57
280,Hshu'Qvouzvu,",FJ?UYpI/",trupnoaGlehtwsl5vyn,2023-02-22 23:09:30
281,Avttf'Jyhul,;A*1+7YhL9>UhI,tvyluvrhpaspuGlehtwsl5jvt,2022-10-18 13:27:32
283,Tpjohls'Obnolz,(@LFdFep(D;DE,khcpk8<Glehtwsl5vyn,2021-08-25 08:28:18
285,Qvkf'Sldpz,r17-toXmTZfi,jhaof?@Glehtwsl5vyn,2020-12-14 08:29:54
286,Ky5'Qlmmylf'Mvzaly'PPP,0F<ZWwq,tnhyghGlehtwsl5vyn,2022-12-13 06:03:05
288,Qvou'Qvouzvu,(=FuVf,khcpzolhaolyGlehtwsl5jvt,2020-11-13 11:59:15
290,Qhzvu'Lsspvaa,GEKKDtif7voCo,ovskluzhssfGlehtwsl5vyn,2022-11-02 22:08:26
291,Tlspzzh'Dpssphtz,VZ>7lOwJGY,hyaobyjvslthuGlehtwsl5vyn,2020-12-05 08:36:17
293,Yliljjh'Iyvdu,2=tTQpc,ikphgGlehtwsl5jvt,2022-03-29 10:51:59
294,Khcpk'Zvspz,"iEY7Bm<d,a",zohyvu7:Glehtwsl5ula,2021-09-06 02:11:11
296,Zalwohupl'Nhyjph,"2S,7yHRsRT",chzxblgavufGlehtwsl5vyn,2020-09-17 19:23:18
298,Rhaolypul'Qvulz,"oQ?egug,d/=H",hybzzvGlehtwsl5ula,2020-06-06 20:41:31
299,Hhyvu'Oviiz,"/:viQ,90>yw=ep",zohuuvu;@Glehtwsl5vyn,2021-02-27 14:46:32
301,Zalwolu'Tvzz,-2m9GUCmWEj=,zbhylgmlyuhukvGlehtwsl5vyn,2020-12-30 12:25:05
303,Qhul'Mlyuhuklg,Uf?UJGNtsd<qf2,idhykGlehtwsl5vyn,2021-03-13 05:14:18
304,Huu'Ilss,eW*?wJWae,ihbzapuGlehtwsl5jvt,2020-07-28 08:43:08
306,Iylukh'Vszlu,"Nd8CMy:KR,C",xnpssGlehtwsl5jvt,2020-11-30 14:44:20
307,Kphul'Thyxblg,czf8KNm,cmlyuhuklgGlehtwsl5jvt,2022-05-18 09:42:43
309,Sll'Rlssf,/7@A>o,tthyapulgGlehtwsl5vyn,2022-03-17 05:25:01
310,Zjvaa'Rlssf,2fMQdG2O9VUA,fdhykGlehtwsl5vyn,2022-01-07 05:29:36
312,Uhaohu'Nlvynl,n1<<Vuo,htjkhuplsGlehtwsl5jvt,2023-01-26 01:38:58
314,Ky5'Hukylh'Jshyr,fSH?Nc?,zhthuaoh??Glehtwsl5vyn,2023-05-13 18:45:44
315,Qvzlwo'Nhyuly,"2?SKEyrhtF8,rU",spzh@<Glehtwsl5jvt,2021-02-21 20:25:45
317,Aovthz'Ztpao,88d=nYnGG,ybzzlssiyphuGlehtwsl5vyn,2021-12-31 02:25:56
318,Zalclu'Ypjohyk,"9GWA7feg,",iyvdukvypzGlehtwsl5jvt,2023-05-12 22:45:27
320,Thypho'Wvaaly,+7TR/ov,qvfjl:<Glehtwsl5ula,2020-04-25 04:20:25
321,Dhukh'Lkdhykz,",;Rv9d",yohtwavuGlehtwsl5vyn,2020-03-14 20:42:45
323,Shbyh'Jve,",cxJuNneb=<",ihurzthzvuGlehtwsl5ula,2020-01-20 01:49:06
325,Qlzbz'Tjjhss,Ow8G(RgdrG@;Nc,qvzlwo?;Glehtwsl5ula,2022-12-18 13:55:02
326,Jvkf'Dhnuly,U=zUm8u9ew,hsspzvujsltluazGlehtwsl5jvt,2022-01-03 20:11:57
328,Ylull'Ztpao,11OdDMdhf<9tu,rpt<>Glehtwsl5vyn,2022-02-26 03:11:41
330,Tlnhu'Vdluz,;nDD*fe>1<a,thyapujhaolypulGlehtwsl5ula,2020-11-13 01:38:39
331,Yfhu'Wvaaly,"0XW7g,Rw",wpaazkhcpkGlehtwsl5jvt,2021-09-07 16:50:58
333,Thubls'Hsslu,f>XWrb,htilytvyypzvuGlehtwsl5jvt,2022-06-28 22:49:15
335,Alyyf'Zahyr,HoM/a>Qk,ahfsvykhuplsGlehtwsl5jvt,2021-08-26 23:24:54
336,Ty5'Thyr'Nvvk'TK,"-D,K2rIc8y-?",ohyypunavuspzhGlehtwsl5jvt,2022-03-21 04:16:57
338,Jolszlh'Rluulkf,Z=-EIupg+AK,qhjrzvuthycpuGlehtwsl5vyn,2022-09-17 02:49:48
339,Khcpk'Hnbpshy,0<Pdb/,ztpaoyvnlyGlehtwsl5jvt,2022-03-09 04:55:47
341,Clyvupjh'Ohuzvu,*k@xKVoJE80,fohytvuGlehtwsl5vyn,2022-07-07 22:17:51
343,Josvl'Aovthz,;DU/aNr+/?,thyapuzohulGlehtwsl5jvt,2022-06-13 14:06:55
344,Iylukh'Dpssphtz,Ln/icOWqce0<,wqvulzGlehtwsl5jvt,2020-09-26 15:40:03
346,Tpjohls'Nvughslg,h<rRYeaLU=l/yd,qnhalzGlehtwsl5jvt,2021-07-09 13:30:14
348,Aovthz'Zalcluz,fqTQOTpCXj:,psvwlgGlehtwsl5jvt,2022-07-08 02:19:37
349,Ohslf'Ihsshyk,<TK>GJRb2Pa,kvyvaofdlsjoGlehtwsl5ula,2022-06-30 02:07:28
351,Rhaof'Wvdlss,1fYnrvcvg@RsU,zhiypuhzptwzvuGlehtwsl5vyn,2023-04-13 00:09:45
352,Ghjohyf'Dlizaly,G;ci@Jyz,osllGlehtwsl5vyn,2021-06-06 01:26:33
357,Dhsaly'Lsspz,-N:n=Fa,udhszoGlehtwsl5ula,2023-01-26 03:31:18
358,Qlhu'Fvkly,(Gs=gMKfkp,jvyapgGlehtwsl5vyn,2022-06-06 04:30:27
360,Spzh'Khcpz,>GFW8v/Z0xKSz,khuplsslzhspuhzGlehtwsl5jvt,2022-09-06 01:53:44
362,Jhaolypul'Nvvkdpu,G<(PUq,yvipuzvuthyplGlehtwsl5jvt,2021-03-22 04:23:51
363,Yvilya'Aovtwzvu,KUU?IzDk2,tpjohls9@Glehtwsl5vyn,2020-10-11 02:05:03
365,Qlzzpjh'Myfl,/;PJ8j9,qsvdlGlehtwsl5ula,2020-04-08 04:42:46
367,Iyhk'Nbaplyylg,+Qi-vLnq;,ovsklythyfGlehtwsl5ula,2022-10-03 06:57:15
368,Qhtpl'Npsilya,udke>>XuK,yvipu=?Glehtwsl5ula,2021-08-09 04:24:25
370,Upjvsl'Zjvaa,h<1?p=Qp,nvughslgklhuuhGlehtwsl5vyn,2022-02-11 11:54:54
371,Svnhu'Iluulaa,l+KHlRdRLS7l,nsluu>9Glehtwsl5jvt,2020-09-02 02:01:15
373,Ky5'Hslehukyh'Jhtwilss'KKZ,lt(>?Eq,kyvdlGlehtwsl5ula,2021-10-21 10:21:58
375,Tpjolssl'Tvvyl,GjmWCFed0E>,xvkvuulssGlehtwsl5jvt,2022-09-08 03:32:04
376,Rptilysf'Opjrz,(@=BiXKK,ypjrf:9Glehtwsl5vyn,2020-07-06 15:22:59
378,Khpzf'Ahfsvy,WfO<KqrrqH*e,thyapulgrptilysfGlehtwsl5vyn,2021-06-17 08:10:56
379,Iyhukvu'Ihyyf,2I?G9Pe,whyrlyjohyslzGlehtwsl5jvt,2021-01-27 00:22:54
381,Yfhu'Thyapulg,",l*>9Tc>qgGO",zhdflyaptvaofGlehtwsl5jvt,2021-10-01 23:41:31
383,Rlcpu'Ohss,0p:<CGuw+AGQ;r,jhzzhukyhspuGlehtwsl5vyn,2022-08-22 21:20:02
384,Qhtpl'Lkdhykz,2>@<YfNyne7,psldpzGlehtwsl5vyn,2023-02-15 01:11:54
386,Tpjohls'Jhtwilss,B/>SYnE,yvnlyzqluupmlyGlehtwsl5vyn,2023-05-13 04:55:34
388,Jyfzahs'Ypvz,V<lGI=Pd-,ishrlahfsvyGlehtwsl5vyn,2022-12-14 19:36:28
389,Qhtlz'Tvvyl,@yYv@y9HGzIEe,nypmmpaoayhjlfGlehtwsl5jvt,2021-03-29 21:19:38
391,Qvfjl'Ihyhqhz,"<jY8KGfj,ofk",hhukyhklGlehtwsl5vyn,2023-03-31 17:37:10
392,Kvbnshz'Dpssphtz,(K7kLKpx=pR7,bztpaoGlehtwsl5vyn,2022-02-11 21:00:53
394,Lypu'Lzwpuvgh,09HTIk,tvupjh=;Glehtwsl5ula,2020-10-04 03:10:49
395,Rlcpu'Nyllu,"+jd,8As",qlzzpjh8;Glehtwsl5ula,2022-09-16 15:09:39
397,Shyyf'Khcpz,"n>I0YPsGH2GkO,",oihrlyGlehtwsl5vyn,2020-02-28 19:09:29
399,Qluupmly'Hschylg,+qU@/BOsJB-,ovjovhGlehtwsl5vyn,2022-05-01 01:49:35
400,Kluupz'Zvav,+-;Syr,qlzzpjhthyapulgGlehtwsl5ula,2021-02-28 08:47:32
402,Rptilysf'Rohu,fo=IHL8jC=,iphujh;7Glehtwsl5jvt,2022-08-29 14:44:21
404,Wlaly'Tpssly,LUyXuxYJNf7H,vkhcpzGlehtwsl5ula,2023-04-26 17:21:42
405,Nlvynl'Thuupun,+7OYNnbV,upjvslvdluzGlehtwsl5vyn,2022-08-24 01:51:02
407,Hkht'Yovklz,+r0/>vEwbJ,ihalzkhcpkGlehtwsl5vyn,2021-09-02 10:38:13
408,Tlshupl'Tvvyl,oMW0f@sVe?wj;U,eyvkypnblgGlehtwsl5jvt,2021-07-27 11:07:22
410,Hzoslf'Yhtvz,?+?Qn:AcG,dopaltlnhuGlehtwsl5vyn,2023-04-06 18:45:06
412,Hslqhukyh'Ybzzv,"-o;Qd,",khcpzjoypzavwolyGlehtwsl5ula,2021-05-13 23:06:26
413,Hthukh'Ybzzlss,f(9Zltjkf,iyphu@;Glehtwsl5jvt,2022-04-02 13:28:20
415,Jfuaoph'Zpuno,Q@0CEzYe/T@,qlmmlyfhuklyzvuGlehtwsl5ula,2020-12-09 00:32:15
417,Iluqhtpu'Wplyjl,EaYt8Hfa+<y,lhcpshGlehtwsl5vyn,2023-01-16 05:41:46
418,Hsslu'Thyapulg,jPFTG<XlmDF,obualyrlssfGlehtwsl5jvt,2021-03-11 19:36:26
420,Tlspzzh'Nhyylaa,NQ11woRU-n?X8B,tkpevuGlehtwsl5vyn,2023-01-09 02:09:16
422,Upjvsl'Tpssly,+G=Bg*,hsfzzh7:Glehtwsl5ula,2020-10-14 19:29:12
423,Huu'Nvykvu,fsZ1FfJc<l,giyhkslfGlehtwsl5jvt,2021-10-06 12:42:09
425,Rhfsh'Thzvu,(Fz9Ath,yvipu@>Glehtwsl5ula,2021-08-26 03:49:45
426,Hspjph'Nyllu,HEV2G<t?C2GO-o,sfuukbujhuGlehtwsl5jvt,2022-01-24 03:01:42
428,Qluupmly'Ishpy,i(WIjyKNM+@;,zhujolgkhuplsslGlehtwsl5jvt,2020-06-15 03:39:44
430,Hunlsh'Ihyulz,"(;AG=h,YK*@ta",ehytzayvunGlehtwsl5ula,2021-04-25 13:28:43
431,Iylhuuh'Kvduz,zZa8UoP>1a,xjshyrGlehtwsl5vyn,2022-04-25 07:15:38
433,Rluulao'Hcpsh,ff>/MwZdm/,huaovuf9:Glehtwsl5vyn,2022-10-29 01:38:51
435,Iyhkslf'Zhujolg,d(@idbqG(7euH,tvyluvwlalyGlehtwsl5jvt,2020-05-15 23:17:12
436,Yvilya'Aovthz,"H/,/@PCokeS9>",myhgplyjvuuvyGlehtwsl5jvt,2020-11-07 14:41:53
438,Zalclu'Qvulz,0:@NkZt,qluupmly@<Glehtwsl5jvt,2020-10-19 07:59:39
440,Htf'Ohss,-@1GOBnj,thaaoldjovpGlehtwsl5vyn,2021-09-04 23:34:48
441,Zalclu'Dhzopunavu,+mU@GJ:t/,thaaold=7Glehtwsl5vyn,2021-04-13 22:50:08
443,Ohyvsk'Myhurspu,O8:CjpKfeAI,iyphu78Glehtwsl5jvt,2020-12-26 02:14:50
445,Qlmmylf'Yvilyazvu,*;Comh:,qbkfdopalGlehtwsl5jvt,2021-12-17 20:16:16
447,Rypzaf'Ibyavu,/p-JGukto9j-,hbzapusvwlgGlehtwsl5jvt,2021-07-21 03:00:38
448,Qlzbz'Yvkypnblg,G>g;Uifi,dpsspht@<Glehtwsl5ula,2022-10-25 02:58:24
450,Rhylu'Hschyhkv,9(B@Fz,ohtwavudpssplGlehtwsl5jvt,2021-06-05 11:05:57
451,Zabhya'Khcpz,O+P:LXaz,rptilysfjohwthuGlehtwsl5vyn,2020-11-15 23:06:06
453,Ayhjf'Tvyypz,GVOaYOly0>f=Z,yfhuwhyrlyGlehtwsl5vyn,2020-04-08 04:34:15
454,Rphyh'Sbag,o(:B=tBve,qluuhzhuklyzGlehtwsl5ula,2021-10-27 06:52:54
456,Rptilysf'Ivvrly,e=R(fk,bslGlehtwsl5ula,2022-09-12 14:38:33
457,Rlssf'Dpssphtz,A(:vHJs?,hspjphztpaoGlehtwsl5jvt,2022-03-27 07:57:48
459,Qvzlwo'Jolu,S*nqlxqoL9@A,ujshyrGlehtwsl5vyn,2021-01-28 16:15:23
461,Ahyh'Yvdshuk,*Ge=sD8eYhaa,iyphuqbhylgGlehtwsl5jvt,2022-01-07 18:17:39
462,Zalwohupl'Nblyylyv,fM9RXe,ovmmthuzhukfGlehtwsl5vyn,2020-08-20 16:11:15
464,Ylull'Aovthz,AO;G2oMi:M0RDc,qhfopssGlehtwsl5ula,2022-04-21 07:22:42
466,Joypzavwoly'Iyvdu,2T17J+u,lkdhyk8:Glehtwsl5jvt,2020-08-28 14:55:16
467,Hhyvu'Dvvkz,Ggbvq>NcxG,qvoukhcpzGlehtwsl5ula,2023-01-10 04:17:19
469,Qvou'Olzz,O>zeeGXy-,rfsl<<Glehtwsl5vyn,2021-03-18 11:37:38
470,Iylukh'Wlyrpuz,L7x2@u7w>JrG,rthyapuGlehtwsl5vyn,2023-01-17 23:47:17
472,Khcpk'Iluulaa,Be7Z;qbfZzhr,hihyyfGlehtwsl5vyn,2021-09-29 07:38:35
473,Zhtbls'Jshyr,@*nPgnbaPy@yvO,lypslfGlehtwsl5ula,2022-06-30 02:00:32
475,Shbypl'Punyht,f:1AMq,mztpaoGlehtwsl5ula,2023-04-16 18:47:54
477,Qbspl'Jvyalg,1=VG9gdwGVe,fbrptilysfGlehtwsl5vyn,2022-05-04 11:15:58
478,Iyphu'Obtwoylf,U28?puQoO8K,zaldhyaqvzobhGlehtwsl5jvt,2020-06-04 12:37:04
480,Joypzavwoly'Dopal,:1:DXXz,rlszlf:7Glehtwsl5jvt,2023-01-27 20:47:11
482,Cpujlua'Obss,(rNi<c8:=Xcm:,taovtwzvuGlehtwsl5jvt,2022-04-13 10:25:19
483,Tvupjh'Yllzl,"-=,ARqc8*Df",chslypl>=Glehtwsl5ula,2021-08-27 17:38:37
484,Thyph'Ihyulz,ve8Kkb,jhyypl>:Glehtwsl5vyn,2020-02-28 06:25:00
486,Zalwohupl'Thfv,*-7iUz,svzivyulGlehtwsl5vyn,2022-12-30 01:09:52
488,Rhylu'Ibzo'TK,"1eJ=NljF;=bk,z",kthyapulgGlehtwsl5jvt,2021-11-06 01:31:33
489,Spzh'Zhuklyz,uG?VSzk80oxV,dpsspht8@Glehtwsl5ula,2020-02-07 18:56:10
491,Thaaold'Nyllul,*oQ>Mn7c+,lyvtlyvGlehtwsl5vyn,2023-03-22 06:14:55
493,Zhthuaoh'Huklyzvu,2;uJc@,ztpaodhfulGlehtwsl5ula,2023-01-06 17:27:59
494,Rhylu'Ztpao,oGG9og(S7*>Feq,spukzlf=@Glehtwsl5vyn,2020-12-15 00:43:48
496,Iyhkslf'Qvulz,e(=VeLow,hhyvu;<Glehtwsl5ula,2020-11-19 20:44:35
498,Qluupmly'Qhjvizvu,G;Kk:Ze0,pyvknlyzGlehtwsl5vyn,2021-06-09 05:25:38
499,Qluuh'Jvsspuz,O?rk?sAh/BmE,jiljrGlehtwsl5jvt,2022-01-24 16:50:45
501,Joypzapuh'Ybzo,fQ+qWzBb/<F,qlmmylfwhyrlyGlehtwsl5vyn,2020-01-29 03:17:16
502,Qhzvu'Jvuaylyhz,+DH@Xx,mrpunGlehtwsl5ula,2023-03-27 08:20:38
504,Hukylh'Sll,*E>IrnGGAo,whtlshshdylujlGlehtwsl5jvt,2021-04-22 22:10:08
505,Huuh'Thf,"laK/CNa?SW,8",slliylukhGlehtwsl5vyn,2021-08-20 09:01:09
507,Qvou'Chbnohu,+@OWnd,ulszvuoljavyGlehtwsl5jvt,2022-12-02 03:38:01
509,Joypzavwoly'Vdluz,G2XVM1fr0;,hkht:<Glehtwsl5jvt,2023-01-17 13:59:49
511,Kliipl'Jvsspuz,=QHe-pff*fHxO,hukylddlilyGlehtwsl5vyn,2020-11-21 08:50:41
512,Qvou'Wluh,c@Bd>O;sG<kvzV,tlspzzhqvulzGlehtwsl5vyn,2021-11-13 13:39:58
514,Johyslz'Ulhs,f;?ZEj,zhukvchsqvuGlehtwsl5ula,2020-10-24 21:07:13
515,Hslehukly'Jybg,"s,z9GGv",ztpaohtilyGlehtwsl5ula,2022-05-20 06:36:42
517,Thyapu'Nvughslg,W@LRk*ee0lHD,qluupmlyjshyrGlehtwsl5vyn,2022-10-05 19:00:38
519,Shbyh'Tvvyl,gqb=>nm:e=2mU,qvuhaohuwpaathuGlehtwsl5vyn,2023-01-25 12:52:02
520,Jvylf'Npslz,Q?b7JA/pe;,tpyhukh:?Glehtwsl5jvt,2022-07-29 21:26:19
522,Rluulao'Jhzayv,w<jIfOa=+nazb,ivdthuyvilyaGlehtwsl5jvt,2021-08-12 10:31:26
524,Jhyypl'Ylfuvskz,(UBbyinBr+;;K,jsfujoGlehtwsl5vyn,2022-05-18 07:03:28
525,Dpsspht'Ovstlz,20=WIxme?V,aptvaofdhykGlehtwsl5vyn,2021-10-30 15:39:33
527,Thzvu'Ohss,r>2y?aHe0dR,sbpz@=Glehtwsl5ula,2021-09-04 08:27:31
529,Zhukyh'Chzxblg,"ct?IYUiY,?t",ibssvjrrluulaoGlehtwsl5vyn,2020-03-10 01:02:46
534,Alyyp'Nhyjph,dG/<P2uujwjeWG,qbkpao7;Glehtwsl5jvt,2022-04-16 21:22:25
535,Kvuuh'Kpjrzvu,",e,=miNk",kdypnoaGlehtwsl5jvt,2020-03-25 19:42:14
537,Rlssf'Khsavu,e(@0STFs2tPr,tibyavuGlehtwsl5jvt,2022-10-29 13:55:05
538,Qvuhaohu'Thzzlf,Fm279GJh,thyph>>Glehtwsl5ula,2020-09-01 09:19:30
540,Cpjavy'Wpaaz,-:GY1ZutnqWA,brpunGlehtwsl5ula,2022-06-02 10:35:53
542,Zalwolu'Dpsspz,1>1/Lj,ooluklyzvuGlehtwsl5jvt,2020-07-29 17:35:55
544,Jhzzpl'Qvulz,N-IEytCf(@TTY,phuypjohykzGlehtwsl5vyn,2022-07-16 09:21:05
545,Tph'Kphg,"NOY/,hKujs-@Mp",ohkhtzGlehtwsl5ula,2020-12-31 10:10:43
547,Ky5'Tlshupl'Hschyhkv'TK,*T@N1hh<,zohuuvutjtpsshuGlehtwsl5ula,2023-04-11 19:31:34
548,Qhzvu'Sll,R0<OstY,tpjolsl9<Glehtwsl5jvt,2021-12-09 16:20:07
550,Hhyvu'Tlyjhkv,J*Yy>LLnEgfUeT,khuh;?Glehtwsl5vyn,2022-11-29 06:57:51
551,Ayhjp'Vszlu,1=nTh*,qvuhaohu?9Glehtwsl5vyn,2020-09-12 10:20:25
553,Kbhul'Thkkve,",>af*x/InV;Cn",qhzvu;9Glehtwsl5ula,2022-04-25 08:31:42
555,Qvykhu'Ztpao,N1QHN>mL2F9/D,krpunGlehtwsl5jvt,2021-12-09 20:50:38
556,Khupls'Ibasly,cmG<ZvRG,tpjolssl<<Glehtwsl5ula,2022-06-30 20:35:06
558,Qvzobh'Qvulz,ftNJgezlGAc=,rptilysf=<Glehtwsl5ula,2023-02-02 17:44:21
559,Qlzzpjh'Ybpg,"f/peo?Ssx,Q",ypjohykztpaoGlehtwsl5jvt,2021-10-18 21:32:23
561,Khyyfs'Ibssvjr,d;PPbRxo2G,jabyulyGlehtwsl5ula,2020-11-24 04:41:16
563,Myhur'Tbyyhf,qQ9(K<nM:*dBb7,ykbuuGlehtwsl5vyn,2020-11-20 06:48:35
564,Zhukyh'Yhukhss,VTj?R<QdG7:,khuplssl7;Glehtwsl5vyn,2021-11-10 21:30:43
566,Qbspl'Dhnuly,"GEC+MBErw=,",qvou>;Glehtwsl5ula,2021-05-04 12:17:01
568,Rypzapu'Yvkypnblg,"c;GrstMd,",olilyahthukhGlehtwsl5ula,2020-09-20 13:54:41
569,Fcvuul'Ihyulaa,G+G;Hc,iyphuhmlyuhuklgGlehtwsl5jvt,2020-03-05 14:53:39
571,Yvilya'Johwthu,09TeASp7,iyhukf=<Glehtwsl5ula,2020-09-02 09:09:09
572,Klupzl'Oluklyzvu,v+e9gLgp,obilyqvouGlehtwsl5jvt,2021-06-10 00:29:42
574,Hhyvu'Nyhf,W<y:NyGF1m/mzi,dtjrlugplGlehtwsl5vyn,2021-01-22 13:01:39
575,Dpsspht'Hkhtz,n*?Wl=,iluqhtpu97Glehtwsl5jvt,2021-07-15 10:50:26
577,Ltth'Dhyk,r1EOvfY(Hg>,udhklGlehtwsl5vyn,2021-08-05 20:14:45
579,Thkpzvu'Hukyldz,+fDj>QAkk,htf>8Glehtwsl5ula,2020-07-09 13:09:41
580,Rlssf'Qptlulg,"oY,@QD7z",zhshghyahfsvyGlehtwsl5ula,2020-08-29 23:38:16
582,Hwyps'Thyzohss,"eKuPepiXE,7o",hlchuzGlehtwsl5jvt,2021-10-19 07:36:18
583,Rlukyh'Ulszvu,GG/JQtijrh822,jspaaslGlehtwsl5jvt,2022-11-08 21:00:16
585,Olhaoly'Tlkpuh,*q?rEz,johzlzhtblsGlehtwsl5jvt,2021-02-01 00:35:09
587,Qvl'Nvughslg,(Nk8Ow,rypzaluzbsspchuGlehtwsl5vyn,2023-04-27 15:49:46
588,Yhftvuk'Qlurpuz,fWv=Ah,hukyldzzhtblsGlehtwsl5vyn,2021-05-04 17:57:25
590,Hsfzzh'Ihzz,m7:dn1S@1i1Db,hzhukvchsGlehtwsl5ula,2021-04-10 23:10:02
592,Afsly'Qvouzavu,-=Ai/J,ylflzthkpzvuGlehtwsl5ula,2020-08-22 12:14:32
593,Afsly'Dpssphtzvu,7qAli=Ff0x>,vyhtvzGlehtwsl5ula,2023-03-18 03:24:42
595,The'Qvulz,",+*BskFCOP;c",ltpsf@;Glehtwsl5ula,2022-10-26 11:06:26
596,Tlspzzh'Pydpu,Zs>:GLy7f,huklyzvujvspuGlehtwsl5ula,2021-04-06 23:34:44
598,Tlylkpao'Wvdlyz,+s?sS/7z=/r,clnhtpjohlsGlehtwsl5ula,2020-08-21 01:39:36
599,Htf'Oluyf,y-=Xvo,yovukh@:Glehtwsl5ula,2022-02-28 13:08:48
601,Ky5'Tpyhukh'Shdzvu'KCT,;NDaQGl?+r8,obyzaqhzvuGlehtwsl5ula,2021-03-14 04:58:03
603,Thyf'Nyllu,oF/Q:O=y0,rptilysfiyvduGlehtwsl5ula,2020-06-05 10:33:25
604,Mlspjph'Ishrl,/WZ>Dg,wlaafwhbsGlehtwsl5vyn,2020-01-10 07:51:14
606,Afsly'Dypnoa,fq+QFzQeIT?l,yvfkhcpkGlehtwsl5vyn,2022-02-03 10:56:00
607,Qbzapu'Ylflz,b@@PnNmF-Cyw,khcpk;;Glehtwsl5jvt,2022-06-24 02:46:24
609,Ltth'Hkhtz,W*>>O8p/1A,vtpsslyGlehtwsl5vyn,2021-05-07 18:10:24
610,Avttf'Nyhf,(B(8Vsg,jmsltpunGlehtwsl5jvt,2020-08-22 08:25:02
612,Qluuh'Ypslf,/f7uLy,dwlyrpuzGlehtwsl5vyn,2020-08-02 18:42:28
614,Iyphu'Mvyk,iKBVZ08iea;:>,laohunsluuGlehtwsl5ula,2020-09-04 14:54:34
615,Dpsspht'Zohd,/:EL;1sgT,yvilyav:<Glehtwsl5ula,2022-07-16 02:19:30
617,Tpjolssl'Zalpu,",MGP,zII2;MvoL",jvvryvuhskGlehtwsl5ula,2020-02-26 21:52:34
618,Avkk'Ilhyk,e=RrkY,zjvaa@?Glehtwsl5ula,2023-05-09 01:45:45
178,Yvuhsk'Buklydvvk,G@P;amwd,zalcluaovthzGlehtwsl5jvt,2022-02-10 04:21:43
622,Ty5'Qlyltf'Myllthu'TK,"Kq:sHQ@s,+z8",mshunGlehtwsl5vyn,2022-07-14 10:48:46
624,Jyhpn'Jvsvu,":/:KXn,+hyX",tpzafnvtlgGlehtwsl5jvt,2021-01-13 18:05:02
625,Qluupmly'Ztpao,-9Uk;L,dshulGlehtwsl5ula,2022-02-05 21:48:55
627,Tpjohls'Unbflu,fF7eJQe,rluulaoiyluuhuGlehtwsl5vyn,2020-07-08 13:42:06
629,Joypzavwoly'Opnnpuz,-/>AKko,hunlspjh7:Glehtwsl5jvt,2022-10-26 11:04:32
630,Zhyh'Ishjr,d:EUsF(i-J,iyvvrzjhysvzGlehtwsl5vyn,2020-06-05 20:55:14
632,Yvf'Dhsrly,"P2He,OkvCLX?(",lclsfu<7Glehtwsl5jvt,2020-11-15 16:48:56
634,Khcpk'Kvfsl,c2:BUUfy=QY,yliljjhhssluGlehtwsl5jvt,2023-04-05 17:22:59
635,Khcpk'Tpajolss'Qy5,+=UuDeq,mnpssGlehtwsl5ula,2020-06-02 23:36:55
637,Spzh'Lsspvaa,+9a92ZNmi,rzjoulpklyGlehtwsl5jvt,2022-09-03 06:33:18
638,Zlhu'Dllrz,"f+,B*cDuf,>Mxk",mvdslyjolyfsGlehtwsl5jvt,2020-01-04 01:51:37
640,Qbzapu'Thyapulg,-mWD9oSz,obmmsbpzGlehtwsl5jvt,2020-01-22 09:27:10
641,Zlhu'Tvvyl,+<XQ?XIltCH-h,yzohywGlehtwsl5vyn,2020-06-08 14:54:26
643,Zhthuaoh'Hukyldz,88PyjQA:/,dsvwlgGlehtwsl5ula,2021-01-25 18:30:00
645,Ty5'Jhsli'Zolwhyk,"G?FYX-U0p:B,x:",spukzhf:9Glehtwsl5ula,2021-07-03 20:06:44
646,Ahthyh'Iljr,"ip@I-k,>K0",yzjoulpklyGlehtwsl5vyn,2021-04-01 20:26:29
648,Olhaoly'Opjrz,"w,7Wf@yiecA@qS",qlmmlyf::Glehtwsl5vyn,2021-02-18 07:00:56
650,Ahttf'Thaoldz,yH@2J=xobne,dohflzGlehtwsl5jvt,2021-06-07 03:24:40
651,Fvshukh'Chbnou,ho;KAf?qn2e,qvzobh<8Glehtwsl5vyn,2023-03-09 22:38:58
653,Qlzzpjh'Tvvyl,02EuhtBbDOF;,rlssf7?Glehtwsl5ula,2021-01-13 05:02:08
655,Khcpk'Iyvdu,(=UNOTl>yc,huaovufovwrpuzGlehtwsl5vyn,2020-01-10 04:54:43
656,Livuf'Ovbzl,2;G*xCzw,slzspl8:Glehtwsl5jvt,2020-10-17 18:49:22
658,Qvykhu'Zjobsag,e9I8aMetIVeTe,khcpkhssluGlehtwsl5ula,2022-01-25 22:31:16
659,Rypzah'Rlssf,Gw7YI:Qz2,lypjqvfjlGlehtwsl5jvt,2020-12-04 12:33:11
661,Khdu'Whyrly,"SxDsZwM?W8,nk?",olhaoly<7Glehtwsl5jvt,2021-06-21 05:00:45
663,Yovukh'Wvvsl,eCABQ0ic<d,zalcluzypjohykGlehtwsl5ula,2021-10-20 16:14:27
665,Ishrl'Jhyzvu,"Mev9:Nyf**1,ID",mdpssphtzGlehtwsl5ula,2022-12-01 22:47:50
666,Lypj'Tvvulf,92Q>yDjqq2+,zbsspchuqhtlzGlehtwsl5ula,2020-02-17 20:41:48
668,Thynhyla'Mpzoly,>;1>QqW,svbpzyvkypnblgGlehtwsl5jvt,2020-09-17 20:17:21
670,Svylaah'Iyvdu,+;Zrqn,qhjvizvuqhylkGlehtwsl5jvt,2020-09-19 14:35:03
671,Spzh'Iluulaa,2l:i@X?se,hslehukyphwlylgGlehtwsl5vyn,2020-08-18 11:59:07
673,Joypz'Zptz,P<18Zp,qtlflyzGlehtwsl5vyn,2020-07-24 03:49:55
675,Yhjols'Ztpao,"-S,@PNzk(",wlalyzvudpssphtGlehtwsl5vyn,2022-01-22 01:56:29
676,Lkdhyk'Aovtwzvu,/G78Ud9,zbzhucpsslnhzGlehtwsl5vyn,2021-09-28 10:04:38
678,Zhukyh'Jhyaly,",;Z7m@oRL>aw",joypzavwoly==Glehtwsl5vyn,2020-09-05 22:25:17
679,Qhtlz'Nyllu,R1G:27Jn9GBpUG,tpajolssjvbyaulfGlehtwsl5jvt,2022-03-31 23:16:37
681,Qluupmly'Jhyszvu,2f9POH/*DwwcsW,qlyyf;<Glehtwsl5vyn,2022-03-12 00:29:10
682,Hsspzvu'Nvsklu,Gr:HZGZo,khcpk?@Glehtwsl5jvt,2021-11-08 15:01:26
684,Zalwohupl'Rpt,"<j;oSGRaN,SFo",tpjohlsjhtwilssGlehtwsl5vyn,2023-04-19 02:13:54
686,Qhtpl'Dvvkhyk,*fYK0raf;<JJ,lypjhhschyhkvGlehtwsl5vyn,2021-01-26 15:23:18
687,Tpjohlsh'Sll,Vf?RzC+,odlilyGlehtwsl5ula,2022-02-05 00:13:53
689,Rhaosllu'Dhsavu,;2>EoL:q*,wvdlyzqluupmlyGlehtwsl5ula,2020-10-17 13:46:05
691,Khcpk'Ahfsvy,BG7WZwd,bdopalGlehtwsl5jvt,2022-01-31 08:13:53
692,Jfuaoph'Shdylujl'KCT,vwe08AAjF/,lclsfuwlalyzluGlehtwsl5ula,2022-10-25 17:29:44
694,Hukyld'Whaalyzvu,ie</ef?@jwISS,zjvaa<<Glehtwsl5vyn,2021-08-07 20:23:54
695,Hukyl'Nhyjph,"f9IveHKd2:,",ipssf8=Glehtwsl5vyn,2022-01-19 06:01:01
697,Rypzapuh'Fvbun,-U@g=Xc,thssluGlehtwsl5jvt,2022-05-29 01:18:04
699,Spzh'Iyvdu,r;Gg/Aa10:O/MG,iyfhuovGlehtwsl5ula,2021-12-03 23:06:30
700,Rfsl'Jshyr,Dt+:OTFhfio,zhyh@>Glehtwsl5ula,2021-10-27 08:03:58
702,Yliljjh'Qvouzvu,*<RrR+(,rptilysfruhwwGlehtwsl5vyn,2021-08-20 21:27:09
703,Khupls'Qvouzvu,g0TK(>Bw,zyllzlGlehtwsl5jvt,2021-11-02 22:33:50
705,Joypzavwoly'Ztpao,/;I2ry,mnlvynlGlehtwsl5ula,2023-02-06 10:16:29
711,Cpujlua'Nyhua,@*:PCa,qvouzvuqvzobhGlehtwsl5vyn,2021-06-10 21:47:28
712,Qbzapu'Wlyyf,G8@JBi,rlsspiyvduGlehtwsl5jvt,2020-10-01 17:00:23
714,Thypv'Nvughslg,Rf;qTn+,qvzlwofvbunGlehtwsl5vyn,2022-06-29 05:18:42
715,Qlhulaal'Hschylg,"I>HQtRT7,",qluupmly=@Glehtwsl5ula,2021-03-05 11:45:24
717,Iyvvrl'Jshyr,f<8=YNMj,mqluzluGlehtwsl5jvt,2020-08-06 16:36:22
719,Rlssf'Ivdthu,G@7hEp,qbsph@:Glehtwsl5jvt,2020-09-10 05:25:26
721,Qvhuul'Jvuyhk,RVx8U-RfSe,hslepztjiypklGlehtwsl5vyn,2021-04-27 03:24:38
722,Jhsli'Nyhf,2xHs7WIuYNG,ftvvylGlehtwsl5jvt,2020-04-20 17:26:58
724,Rypzap'Dhzopunavu,cPcORfGGe8ZaY(,joypzapuh87Glehtwsl5vyn,2021-04-30 21:14:25
725,Zalwolu'Myplkthu,(7QaHr,snblyylyvGlehtwsl5vyn,2020-06-03 10:31:20
727,Cpjavyph'Mblualz,a/gc@=Leqm,hschylguhaohuGlehtwsl5ula,2022-03-20 20:39:30
728,Qvzobh'Dlii,*Gp8AeL,jabjrlyGlehtwsl5jvt,2022-10-10 16:58:54
730,Khuuf'Ihskdpu'Qy5,;nRL:H(ke,rhfshwplyjlGlehtwsl5ula,2020-10-21 23:12:11
732,Jfuaoph'Rlssf,YOgf8Qb,okvtpunblgGlehtwsl5vyn,2022-09-20 20:59:30
733,Qvfjl'Lsspzvu,Ey1o:U=a8u,htf;=Glehtwsl5jvt,2020-06-14 14:34:56
735,Khyylu'Svwlg,0m@JkGLC,rhaoyfuishjrGlehtwsl5jvt,2023-02-08 23:07:38
736,Hslqhukyv'Ohykf,z-xV=Fy,tvupjh8=Glehtwsl5vyn,2020-07-30 21:05:04
738,Jyfzahs'Rpt,m+J>QPNaqQSgv,thyrshulGlehtwsl5vyn,2020-12-09 07:54:23
740,Ihyihyh'Jhtwilss,<G2P<Rk,thyfopssGlehtwsl5jvt,2021-06-25 04:14:46
741,Qvkp'Ypclyh,oEQ29Pv,qbhujhyalyGlehtwsl5ula,2020-05-26 03:59:54
743,Rptilysf'Qhjrzvu,0zn;cKvwe,olyuhuklghthukhGlehtwsl5vyn,2020-03-21 03:42:45
745,Aptvaof'Npss,e*7HRx,qhzvu@7Glehtwsl5ula,2022-08-19 12:28:47
746,Ky5'Thaold'Ybzzlss'KCT,;G7Ncp,wlyrpuzqbsplGlehtwsl5jvt,2021-09-28 11:16:39
748,Tpjolssl'Chgxblg,0NM<?Ux:,zalwohupl=;Glehtwsl5jvt,2021-05-11 20:56:15
749,Shbylu'Ypjo,mxfh?Hjq,kjhtwvzGlehtwsl5vyn,2020-03-14 00:38:02
751,Ahfsvy'Shtilya,2u<M?Ul@,tpjohls9:Glehtwsl5ula,2021-06-14 17:24:40
753,Htf'Aybqpssv,Ge8Iv:fNy,htfdvsmlGlehtwsl5ula,2020-06-25 04:41:50
754,Qhjxblspul'Ilsayhu,e@tFT+VnSy0QBw,xiyldlyGlehtwsl5vyn,2020-12-07 14:18:42
756,Zhyh'Iyfhua,b0X:eQPcaO,tjjvytpjrylnpuhGlehtwsl5ula,2020-08-19 03:12:51
758,Rlszlf'Jvsspuz,fTm9ZyNep@8,yhjolsrlssfGlehtwsl5jvt,2021-05-31 19:54:21
759,Rluulao'Zavrlz,<N-MaeOq0,jshfavu7;Glehtwsl5jvt,2020-06-24 17:13:55
761,Hyphuh'Jyvzz,G=DGlb,yovukhzpschGlehtwsl5vyn,2022-08-11 00:27:29
763,Rhylu'Jhzahulkh,2:N8Lz,wplyjlapuhGlehtwsl5vyn,2021-06-28 21:00:17
764,Wopspw'Thjphz,=?1l2d>q1?vK,rhyh@:Glehtwsl5vyn,2021-07-31 12:52:54
766,Iylua'Ilyn,9*aH7nqg0,dpsspht@>Glehtwsl5ula,2022-02-08 15:28:17
767,Tpjohls'Dypnoa,fF<yxcXYR1Y,johyslz=7Glehtwsl5vyn,2021-09-24 14:27:14
769,Hspjph'Ohuzvu,gwE:fAbO0GB<YH,aolylzhiyvduGlehtwsl5ula,2020-02-05 16:31:10
771,Zalwohupl'Kvbnshz,e<9rXOyp*e,thbypjl@<Glehtwsl5ula,2022-06-29 15:05:16
772,Qhtlz'Hsspzvu,:Gr8rdijf:S,ovchslyplGlehtwsl5vyn,2021-09-30 00:24:15
774,Qvzlwo'Shdylujl,fVWH8>Sei(L,rlcputjkhuplsGlehtwsl5jvt,2023-04-01 22:53:53
776,Iyhkslf'Kvfsl,kUP/mo1j0;IH9,zhyho:@Glehtwsl5ula,2022-01-17 16:21:19
777,Ky5'Zohdu'Thyzohss,cB;;Yvk*-sEX,whbsh?<Glehtwsl5vyn,2020-04-28 22:32:40
779,Rhfsh'Sll,f?b9Bi,tjkhuplsrhaypuhGlehtwsl5jvt,2021-10-02 18:31:23
780,Jvuupl'Tvyhslz,Ho>Tzxn>Gk,aptvaof>:Glehtwsl5ula,2021-12-11 07:08:38
782,Ky5'Rlukyh'Qvouzvu,h1S9Moeo,tpsslyqlyltfGlehtwsl5jvt,2020-08-14 14:16:09
784,Rptilysf'Ishujohyk,+7T9+iG,jhyvsfuihyulzGlehtwsl5ula,2022-03-22 09:28:34
786,Livuf'Wopsspwz,(+L=Jj=J-,tryblnlyGlehtwsl5jvt,2022-05-08 15:59:18
787,Qbzapu'Ypjohykzvu,x*=gOEfO/rR8,jyfzahs7?Glehtwsl5ula,2023-02-18 14:38:01
789,Tpjohls'Chujl,qG<F>kGw,wchsluapulGlehtwsl5ula,2021-12-01 23:09:22
790,Huaovuf'Lsspz,"fEe7D,xt",jhyvswpaathuGlehtwsl5jvt,2021-03-09 23:49:04
792,Ky5'Qhtlz'Nhyylaa,",Yjs<7Usl9Iyh",dpssphtznhiyplsGlehtwsl5ula,2022-10-04 05:11:22
794,Joypzavwoly'Yvnlyz,fGLHQXZv*978VU,pdlsjoGlehtwsl5vyn,2020-05-19 12:01:54
795,Nlvynl'Obualy,t/7-gGNf,znhykulyGlehtwsl5jvt,2020-05-23 01:02:01
267,Iyhukvu'Dlssz,>ZNZXbKn-fGfvb,yvilyashdzvuGlehtwsl5vyn,2020-12-20 09:42:27
799,Dhsaly'Abyuly,G:YAyYw,zhthuaoh??Glehtwsl5vyn,2021-05-17 20:02:38
800,Jhaolypul'Yvnlyz,"TUf,8Om1",kyhfGlehtwsl5jvt,2021-03-05 09:30:42
804,Jhys'Ivupssh,0?DGdd(,jybgafslyGlehtwsl5ula,2022-03-19 12:20:03
806,Hthukh'Ohyypz,-a=Xik+Cx,olpkptjkhuplsGlehtwsl5jvt,2022-12-31 18:56:25
807,Huaovuf'Dlpzz,e;gGTvfAf,jshyriypknlaGlehtwsl5vyn,2020-09-26 05:32:19
809,Zhtbls'Oviiz,f:2f-aYGtev8No,zalwohupl@@Glehtwsl5vyn,2022-03-28 04:30:37
810,Qlhu'Unbflu,(ofdpjBx(7+o,mrpunGlehtwsl5jvt,2020-06-17 23:51:49
812,Zhthuaoh'Sldpz,tp>Sqh7k-w,tvyyvdthssvyfGlehtwsl5ula,2023-01-21 12:15:29
814,Iyphu'Ovdlss,C@LvRakn+,alyyf=>Glehtwsl5ula,2023-02-22 07:57:14
815,Qbspl'Zaldhya,ky=SAEtbTvF/,hzoslf=8Glehtwsl5jvt,2020-11-29 21:51:40
817,Tyz5'Tpjolssl'Kphg'WoK,";(28Vb,Z,",qlzzpjhiyvduGlehtwsl5jvt,2021-03-01 09:30:12
819,Zplyyh'Ivfly,+/=LZMh,upjvsl=@Glehtwsl5ula,2021-09-26 02:22:08
820,Qhzvu'Wvaaly,+pX0LrW/9Hho,iyphutflyzGlehtwsl5vyn,2022-05-14 20:46:23
822,Rptilysf'Yvkypnblg,R7Wl-KWf*>,iyhukfchzxblgGlehtwsl5vyn,2020-10-20 02:47:27
824,Flzluph'Jhywlualy,glOfJyvy(C2:Ka,tlspzzh:9Glehtwsl5ula,2021-08-06 08:01:44
825,Zahjf'Rlssf,-0B:Wv,nvughslgzhukyhGlehtwsl5vyn,2021-06-09 03:33:48
827,Htily'Tpssly,yzgCjUgu+k<-Cf,hslehukyph<7Glehtwsl5jvt,2020-04-24 17:49:08
829,Shbylu'Zhspuhz,Be>ML<zysL0,ivdthurlcpuGlehtwsl5vyn,2022-04-07 22:06:22
830,Rlpao'Whbs,/fW?;MnJ,hthukhmpnblyvhGlehtwsl5jvt,2021-06-06 06:26:08
832,Qlzzpjh'Nvvkdpu,j*O8Pi,rzpschGlehtwsl5ula,2021-07-18 21:03:23
834,Yvifu'Ivdlyz,wv<-fOQTHGj,kvtpupjjhykluhzGlehtwsl5vyn,2020-07-16 07:22:08
835,Yfhu'Ishjribyu,J0>@Qy7,ijybgGlehtwsl5vyn,2020-02-01 18:12:19
837,Thaaold'Rpun,GCa9AOe,yllzlolhaolyGlehtwsl5ula,2020-03-27 09:12:11
838,Jfuaoph'Tvvyl,",EAaL?Jc=bKwc",srlyyGlehtwsl5ula,2022-02-20 11:14:54
840,Kphul'Qvouzavu,10LetY:zT<J:i,yvilyazhthukhGlehtwsl5ula,2022-08-25 02:06:49
842,Nylnvyf'Iyhkslf,Yd/KZ:Kwo+f8v,thypzzhibynlzzGlehtwsl5vyn,2020-07-06 11:50:16
844,Qlzzpjh'Iyvdu,2>BEOQiT<bGp;q,nlyhsktjulpsGlehtwsl5jvt,2022-02-22 18:32:40
845,Whbs'Ulszvu,"hdG,p;rGnH:",thuujoypzavwolyGlehtwsl5jvt,2021-01-07 02:00:42
847,Qhjxblspul'Klhu,"pVv92Fjbe2,qFt",hsfzzhmveGlehtwsl5jvt,2021-12-21 17:12:54
848,Rlssf'Ylflz,*<SrPs8WDk,jpukf>8Glehtwsl5ula,2022-04-03 08:08:30
850,Klivyho'Jhyszvu,1g<x;Bu,thbylluwhfulGlehtwsl5jvt,2020-07-30 23:24:51
852,Vspcph'Ihyyf,*(=t;e2y<DDSQ,shbyh<=Glehtwsl5vyn,2023-02-15 14:43:52
854,Qbspl'Kvbnshz,0@Hh-;y,goblyahGlehtwsl5ula,2021-05-18 05:17:27
855,Klivyho'Jvii,??X(gCEv/K,thedlss<9Glehtwsl5jvt,2021-07-14 10:28:38
857,Lypj'Npsilya,?Ge?<GMkz,rptdpsjveGlehtwsl5vyn,2023-04-21 22:18:04
858,Rhylu'Hzoslf,B*><UhuJ,mpnblyvhklupzlGlehtwsl5vyn,2020-01-20 02:05:36
860,Tpjolssl'Ohywly,GS:TjLDgNe/,dhsrlyzalwohuplGlehtwsl5vyn,2022-07-30 02:34:18
862,Nlvynl'Huklyzvu,G2+PY-kZzCY<+,iyvdurypzaluGlehtwsl5vyn,2020-02-15 21:54:07
864,Tpzaf'Zwlujly,uWK:=-NcRIKpxI,zjoulpklythyaohGlehtwsl5ula,2020-09-12 22:32:12
865,Thaaold'Uvyavu,q:Eqaclg(Ny1Y,vspcphwhyrGlehtwsl5ula,2020-11-22 23:09:31
867,Joypz'Qvouzvu,9/m:;xrr?T,qlzzl@;Glehtwsl5vyn,2022-04-21 05:21:08
868,Tlspzzh'Tjrhf,R2CRlBnoH19,ihyylaayhjolsGlehtwsl5vyn,2022-10-28 19:10:34
870,Klhu'Yvtlyv,7AEUwowY*D;-,zohuuvuztpaoGlehtwsl5ula,2021-10-19 08:42:14
871,Huuh'Dhyk,1KgT>Rl,zalclu8>Glehtwsl5vyn,2022-01-11 20:38:06
873,Tpjolsl'Jvsl,+0j8@Uqk,zalwoluzkhcpkGlehtwsl5vyn,2020-02-02 21:12:58
875,Shbylu'Jvvwly,0da?Sy,yvuhsk8:Glehtwsl5jvt,2020-06-02 07:53:40
876,Qhtlz'Hschylg,",>X<iW8",yfhu;<Glehtwsl5vyn,2022-05-17 19:01:33
878,Aovthz'Qvulz,*<qN(b,hsspzvuovstlzGlehtwsl5ula,2021-10-08 09:18:27
880,Hunlsh'Rlssf,dG/;LoBN,khuufruhwwGlehtwsl5vyn,2020-07-25 01:23:15
881,Lkdhyk'Ohyypz,0;;Xcg,jthflyGlehtwsl5ula,2020-05-10 11:19:52
883,Thynhyla'Tlfly,fYhWXcZ+?Vf8Fz,zlhu@8Glehtwsl5vyn,2022-07-17 16:18:17
355,Qlmmylf'Zbsspchu,ftIEZxvTzK@,qbzaputlukvghGlehtwsl5jvt,2021-02-18 03:19:28
887,Qhtpl'Qvouzavu,fsj@gyKvG,ypjohykzuvdGlehtwsl5vyn,2022-05-19 12:56:23
889,Zwlujly'Khcpz,epQ*<qsyTy;YY7,obiihykhwypsGlehtwsl5vyn,2022-08-28 19:53:41
890,Tlspzzh'Aovthz,2=(BZZp,zbttlyzlypjGlehtwsl5vyn,2020-05-30 15:27:08
892,Spzh'Ohss,m/;KmxP@f,qvulztpajolssGlehtwsl5jvt,2020-09-14 02:34:57
894,Joypzavwoly'Ztpao,"c?guew7s,K=T",zhtblsypjohykzvuGlehtwsl5jvt,2023-02-04 10:19:37
895,Klylr'Jhuab,0Q8Hiluq*,rjhyalyGlehtwsl5jvt,2022-03-11 12:27:21
897,Lspqho'Rlyy,"Z:c,:FIx",mtlsavuGlehtwsl5jvt,2022-02-26 18:53:14
899,Zalclu'Ulszvu,9jU(vcIZ+BB,tsvwlgGlehtwsl5vyn,2021-05-02 11:54:14
900,Qvou'Sll,p1=BIf,ayhjfihyulzGlehtwsl5ula,2021-01-04 20:03:01
901,Iypaahuf'Dpssphtz,272GqSx7ia,zdliiGlehtwsl5vyn,2022-02-23 03:22:54
903,Olhaoly'Zjoulpkly,"nneRdSJX0;,",tpjohls@7Glehtwsl5jvt,2022-07-27 18:04:22
905,Zhthuaoh'Shul,=/I2R>Wi?,tpjohlsthyapuGlehtwsl5jvt,2021-08-05 22:02:56
906,Zalwolu'Lsspz,OY/Q/oMq*8,yhftvukjohyslzGlehtwsl5jvt,2021-10-29 06:14:41
908,Ty5'Whbs'Kvbnshz,f(GU/kGk1>,qvzlwoapuhGlehtwsl5vyn,2022-08-17 21:38:47
910,Tyz5'Thyf'Ihyhqhz,XOz-e8Alc,hyjolyupjvslGlehtwsl5jvt,2022-05-01 15:11:09
911,Thypl'Ihyulz,:FqU8Owz/HgAX,myplkthuthyaohGlehtwsl5vyn,2020-07-12 02:42:51
913,Kfshu'Tpajolss,ol<VGG8;NGx,tpjohlsyvipuzvuGlehtwsl5jvt,2020-01-31 05:05:00
915,Zhthuaoh'Whyrly,"@f:NXofMU,",thyr89Glehtwsl5ula,2022-12-18 16:25:52
916,Kvbnshz'Dpssphtz,+za1;Bf?-,kbhul?>Glehtwsl5vyn,2022-11-03 15:53:46
918,Shdylujl'Lsspvaa,>@C28zGbGU?Af0,slcpwhstlyGlehtwsl5ula,2021-06-16 08:28:07
920,Khupls'Ztpao,"x?ZM<,uceHH?",mhytlyzjvaaGlehtwsl5vyn,2021-12-21 10:20:05
921,Svbpz'Aovyuavu,dV1?WPDfU:,zjotpkalspghilaoGlehtwsl5ula,2020-01-25 10:03:00
923,Khupls'Nhyjph,-<RuA>Na,iyfhuaaovthzGlehtwsl5ula,2020-10-07 14:10:43
925,Kliipl'Iyvdu,1@9-Et=xf,twlhyzvuGlehtwsl5jvt,2022-08-20 14:25:45
926,Nyln'Ohykf,N?p-7VGoR,hslehukyhihpykGlehtwsl5ula,2022-05-05 15:27:00
928,Yhjols'Dvvk,M*g/<h1t9E8>W?,ohflzqhzvuGlehtwsl5vyn,2023-04-15 09:40:47
929,Shbyh'Zoho,IGrF9?UfG=@P,yhjols8?Glehtwsl5vyn,2022-08-29 00:25:04
931,Thyf'Nhyjph,XKITYi1t1G:V,dopalzohulGlehtwsl5jvt,2021-06-21 01:45:30
932,Rfsl'Yhf,tuw07J:m+,jvvrlapmmhufGlehtwsl5ula,2020-04-13 13:12:33
934,Thaaold'Yvislz,+@TPmKt,tpjohls<:Glehtwsl5ula,2020-03-17 13:09:34
936,Iphujh'Upjovszvu,<2>KKrIJ,avkkulszvuGlehtwsl5ula,2020-03-03 04:07:36
938,Qvkf'Wlyyf,"ow,B;xpl,Lp>C",qlzzpjhztpaoGlehtwsl5vyn,2020-07-16 16:21:59
939,Ghjohyf'Nhyuly,e8*(YohBHneV8,alylzhwlalyzGlehtwsl5ula,2020-09-22 05:48:22
941,Jhtlyvu'Lchuz,/?Z?v/2,yhtpylgavkkGlehtwsl5ula,2021-10-03 10:02:49
942,Iluqhtpu'Hcpsh,e=FLD@p,kzolhGlehtwsl5vyn,2020-06-12 02:56:56
944,Nhyylaa'Rpun,+<W*Mm,hsle?@Glehtwsl5jvt,2022-06-11 10:17:15
945,Zalclu'Rlssf,G:LFpJ,khcpk@=Glehtwsl5ula,2023-03-22 14:20:59
947,Kvuuh'Tlsluklg,G>XCVNdwiF<vD,kbzapu@;Glehtwsl5vyn,2022-09-04 18:08:41
949,Tpjohls'Thyxblg,1:pLAb9q<,qvou7>Glehtwsl5jvt,2020-02-28 06:51:57
951,Iluqhtpu'Dopal,2/??LLk,uyvtlyvGlehtwsl5jvt,2020-03-26 05:25:41
952,Afsly'Dopalolhk,"PKU,-@Ur2V",dlpzztpjohlsGlehtwsl5ula,2021-11-01 00:24:41
954,Lspghilao'Zjvaa,ee<YsJpufO,ldopalGlehtwsl5vyn,2023-03-01 00:33:14
955,Tpjohls'Ohyypz,AG>Z?y:mf+Ng9Z,oalyyfGlehtwsl5ula,2020-08-08 15:52:02
957,Qlzzpjh'Yvislz,bv@@CVrfM1w,cyhunlsGlehtwsl5ula,2020-09-26 14:04:40
959,Qlmmylf'Ivfk,<nZf@Fj,zhuahuhzalwoluGlehtwsl5vyn,2020-12-04 04:26:07
960,Khcpk'Sll,9zUZXu+m-+Vp1D,hzolwolykGlehtwsl5vyn,2020-04-15 15:38:13
962,Jhyvsfu'Dpssphtz,/Z7<Qc(,yvilya=:Glehtwsl5vyn,2020-07-25 01:27:07
963,Jhyvspul'Aovthz,Jj-bbiuffqh;oO,lkhcpzGlehtwsl5jvt,2021-11-02 00:37:08
965,Qbzapu'Sldpz,ye7:ZPo2;CG,kbzapuypslfGlehtwsl5ula,2023-03-30 03:06:48
967,Qvzl'Whkpssh'TK,Qc1?ZhMh,jhzahulkhqhtlzGlehtwsl5vyn,2023-03-30 02:31:23
968,Hukyld'Huklyzvu,1f<1JnQg,whbshdollslyGlehtwsl5vyn,2022-04-16 06:39:33
970,Iyhukvu'Khcpz,kcGHILcZ(V7R,thyfiyvduGlehtwsl5jvt,2020-12-21 21:46:30
0,Zhthuaoh'Chynhz,Ef>gDr,wvdlyzqhjrzvuGlehtwsl5vyn,2021-09-09 14:07:19
3,Zolpsh'Wvyaly,-N?CYm,qbzapuohyypzGlehtwsl5ula,2022-10-27 03:24:55
6,Zhyh'Ztpao,Kv?9/Sth-Ob=R,kztpaoGlehtwsl5jvt,2021-08-11 01:55:00
8,Lypjh'Rlssf,yf8M0KqgNIQk,qhjviqvulzGlehtwsl5vyn,2021-08-03 03:02:44
10,Ohslf'Qvouzvu,zP;E8fei>PYf,rhaoyfuqvulzGlehtwsl5jvt,2021-11-26 16:20:11
13,Hukylh'Dollsly,zz>ROcevD2,ayhcpzdliiGlehtwsl5ula,2021-11-04 04:17:36
15,Whaypjph'Jlychualz,H1SSoPdCEh<<B,qbhudopalGlehtwsl5ula,2022-07-03 09:00:36
19,Kliyh'Dlssz,"x,Pid:Pb>0?1",qvykhu8>Glehtwsl5vyn,2020-03-28 12:35:47
22,Nlvynl'Hukyldz,E7;cwAGF<28QZm,qsvwlgGlehtwsl5jvt,2023-03-11 14:02:42
24,Rhylu'Jhyaly,M2=KFpH@,thyftvspuhGlehtwsl5ula,2020-06-10 18:31:18
27,Jfuaoph'Khcpz,;l8=YgOCG:<N,tlflyhsilyaGlehtwsl5vyn,2022-05-11 20:39:09
974,Aptvaof'Dopahrly,we;Rfs1;,dlsszrhaolypulGlehtwsl5jvt,2020-12-06 01:54:41
976,Olhaoly'Yvzz,"IIz8sGmpCW<,",bdypnoaGlehtwsl5jvt,2021-12-08 03:55:17
977,Hslepz'Thyxblg,8ToKauX>((K<Ej,iluulaaklhuuhGlehtwsl5ula,2022-08-10 20:07:08
979,Rhalsfu'Aovtwzvu,/nGpwL*:1p<,hkyphuh;>Glehtwsl5vyn,2023-04-24 20:32:58
981,Whtlsh'Qvouzvu,0p?:cvlDPCJR,ptvspuhGlehtwsl5jvt,2020-06-19 12:09:02
982,Tpjohls'Kvduz,/:xQQa,rypzapuh;=Glehtwsl5jvt,2023-04-06 01:47:40
984,Kluupz'Ohyypzvu,I+K?W=q,bzbhylgGlehtwsl5jvt,2021-08-14 20:00:27
986,Klupzl'Ypkksl,/:Tej?G,lyulza?:Glehtwsl5vyn,2023-03-10 06:32:27
987,Qlmmylf'Ovdhyk,Oe*WXBXtkU9=x,rtjjsbylGlehtwsl5ula,2023-05-09 11:11:03
989,Tlshupl'Tvynhu,2VN@>@PpGHijhN,prlssfGlehtwsl5ula,2020-11-19 16:39:44
990,Hwyps'Rluulkf,1M?N<vyrd<,hupah89Glehtwsl5ula,2021-04-02 19:38:36
992,Kbzapu'Jhyy,0=sFj**q*,qluupmly77Glehtwsl5jvt,2021-06-11 16:41:32
994,Joypzavwoly'Ztpao,Bes=7Nyk,whbsybpgGlehtwsl5ula,2022-10-25 00:22:29
995,Qvzlwo'Unbflu,z71<Hs,zalwolunylnvyfGlehtwsl5ula,2023-03-09 03:42:48
997,Spukh'Jve,*g7oIqxd,xqvulzGlehtwsl5vyn,2023-03-16 08:42:41
998,Wopsspw'Ahwph,n/?hbbUcz;,qvuhaohu>8Glehtwsl5jvt,2022-12-06 20:31:06
30,Rypzalu'Ybpg,*:GVdix,jyfzahs:7Glehtwsl5ula,2021-06-28 20:30:21
32,Klcpu'Dpssphtz,/k9Gj*,ihyavuwhaypjphGlehtwsl5vyn,2022-03-03 09:18:17
35,Lypu'Dpssphtz,"fh>SMYjc,o",jvslqlmmlyzvuGlehtwsl5jvt,2022-09-09 05:26:41
37,Ahttf'Jhykluhz,D787uDnY0,thyf?8Glehtwsl5vyn,2020-06-02 10:59:52
40,Aovthz'Qhtlz,/feErXho=1H=,ihyylaatlspzzhGlehtwsl5jvt,2021-04-13 05:32:31
42,Uhujf'Nyllul,ewJZabwn@,tlspzzh7=Glehtwsl5jvt,2020-10-07 01:16:02
45,Tlspzzh'Jhyaly,?FU-8QqUEK,tlspzzh=?Glehtwsl5jvt,2022-10-31 10:15:12
47,Joypzavwoly'Nhssvdhf,jmPEDSFyco1z:@,khuplszqvouGlehtwsl5vyn,2023-04-01 01:57:25
50,Qluupmly'Jhiylyh,e;vVzNP,nbaplyylghukylhGlehtwsl5ula,2020-06-01 01:55:35
53,Iyphuh'Tlukvgh,I07>gMjC/g,lihrlyGlehtwsl5ula,2020-05-27 13:58:28
55,Huaovuf'Wlyyf,+TOZ<ZHwW,qluupmlyjveGlehtwsl5ula,2021-04-26 06:49:48
58,Thyf'Ohss,"-J?SfR7pUxwrI,",lhnbpyylGlehtwsl5ula,2020-10-03 12:39:40
60,Ayhjf'Qvouzvu'KKZ,x-X7T2v,ohsstpjohlsGlehtwsl5jvt,2020-12-17 05:47:57
63,Ilspukh'Zbsspchu,Nb21+OpV+K7e=?,tpjohlszhujolgGlehtwsl5jvt,2021-12-08 02:20:37
66,Thaaold'Dvvk,+j1cBNNo*:W7,qhtlzhspGlehtwsl5ula,2021-05-15 00:15:56
68,Wlyyf'Huklyzvu,-+XoxCqk>Nze,thyapulgqhtlzGlehtwsl5ula,2021-05-14 22:08:51
71,Huaovuf'Shdylujl,*G?eGwM,rptilysf=>Glehtwsl5jvt,2021-04-09 08:10:34
73,Tpjolssl'Myhgply,o*:Ce=,olyuhuklgqhtlzGlehtwsl5ula,2023-01-31 01:56:55
76,Ilaaf'Lchuz,zQGev7YyQ1nQ;,ihyihyh:;Glehtwsl5jvt,2021-12-10 06:19:56
79,Hzoslf'Wopsspwz,j?ZDXGxXe,ilhzslfahyhGlehtwsl5ula,2021-04-02 10:11:58
81,Qhtlz'Tpssly,2f=?Dik,shbyluqvouzvuGlehtwsl5vyn,2020-03-29 05:08:47
84,Fvshukh'Yllk,",L(sDrTw?JA=",dhsshjldpssphtGlehtwsl5ula,2021-02-02 13:15:33
87,Ghjohyf'Sll,"X0i8PLfWb,/U",tjslhurlcpuGlehtwsl5ula,2020-05-10 20:12:01
88,Thaaold'Aovthz,vx;L(gI--,pdypnoaGlehtwsl5ula,2020-02-14 11:45:02
89,Aovthz'Ovknl,0k9Tiu,yvilyazzohyvuGlehtwsl5ula,2020-09-05 05:18:03
91,Alylzh'Nyllul,/T<VxYGu?(u,thkklujypzaphuGlehtwsl5vyn,2021-04-23 00:08:37
973,Jolyfs'Opss,f2h9PJz,tvssfovknlGlehtwsl5jvt,2022-08-19 20:17:22
97,Tpjolsl'Dlii,(<XSVl,spukh@;Glehtwsl5vyn,2021-12-07 00:13:37
102,Yliljjh'Rlyy,IGP+ZO2t>UzV,zaldhyaqhjviGlehtwsl5jvt,2022-04-30 00:12:00
104,Yvuupl'Nvtlg,"f>,7Boy7(d",rdlzaGlehtwsl5ula,2020-04-30 07:23:10
107,Zolyyf'Tlkpuh,g1u7/G-zDiRnt,zopyslf@>Glehtwsl5jvt,2020-05-27 10:43:57
110,Ylull'Ohyypz,leeo@@IqV-wuGG,ihrlyzalwoluGlehtwsl5jvt,2020-09-30 08:48:54
112,Jhytlu'Qvouzvu,Ge=DfM:v1fh,zhujolgqhjrplGlehtwsl5jvt,2021-03-14 01:46:50
115,Iylukh'Slvuhyk,eR8Bc7,yvipuzvutpjohlsGlehtwsl5ula,2023-02-02 10:04:18
118,Zohyvu'Mlynbzvu,;psjzDn;1Wz,xyvkypnblgGlehtwsl5jvt,2022-03-27 06:15:30
120,Upjovshz'Ztpao,",:;HZxC",dhazvuwhbsGlehtwsl5jvt,2021-09-29 07:17:00
123,Thaaold'Ovnhu,Qe<ISWfc,btvzlzGlehtwsl5ula,2023-05-14 13:17:05
125,Tyz5'Svyp'Zhujolg'TK,B/@QFlM,nhyfqvouzvuGlehtwsl5ula,2022-02-07 05:00:54
128,Lypu'Ypjotvuk,er0=+Vc*mH,joypzavwoly>7Glehtwsl5jvt,2023-05-04 20:22:16
131,Qvykhu'Ovdlss,+;?ZHNTxS,ihyavuwhtlshGlehtwsl5vyn,2020-01-14 22:25:19
134,Tlnhu'Yvilyaz,*;Efzh,cpsshyylhsqhzvuGlehtwsl5vyn,2022-05-27 20:03:28
136,Qbzapu'Avyylz,l2EddEaeH0;DJ,jhuaylssyvilyaGlehtwsl5jvt,2020-10-16 23:02:47
139,Slzspl'Upjovsz,?SDJeNUqG,kdhfulmyhujpzGlehtwsl5ula,2021-04-15 21:52:01
141,Zalwohupl'Kljrly'TK,"l1o97Jed-,A",ihyyfzjotpaaGlehtwsl5ula,2020-05-29 21:17:39
144,Lspghilao'Aovtwzvu,S2-<BIt,iyvvrzthaaoldGlehtwsl5vyn,2020-07-13 18:40:41
147,Hslehukly'Iyvdu,0->ACi,htilyovstlzGlehtwsl5vyn,2021-07-27 09:40:13
149,Zhyho'Ztpao,YReF/C>y8e@:R,rptilysfwlylgGlehtwsl5vyn,2020-03-11 01:57:33
152,Zhssf'Tvyhslz,GWLR7v<o/?,ushyzvuGlehtwsl5vyn,2023-02-02 19:07:20
155,Dpsspht'Ahfsvy,*@JvlG,hssludlukfGlehtwsl5ula,2020-12-30 04:34:32
158,Aovthz'Shtilya,G9Ybbu@b=fG@+e,jihskdpuGlehtwsl5ula,2020-06-28 14:08:07
161,Qhtlz'Jvvr,",IHwKT9qGbK;1X",zolyyf;9Glehtwsl5jvt,2020-09-19 19:38:38
163,Ylnpuhsk'Lkdhykz,@*HM(yAYG,chgxblgiyphuGlehtwsl5jvt,2022-04-22 14:45:36
165,Qvou'Hslehukly,S+?>PYo,zolsslfthedlssGlehtwsl5jvt,2023-03-21 23:33:13
168,Ihyihyh'Svwlg,wlr;Vrla-,qlzzpjhjhtwilssGlehtwsl5vyn,2020-07-04 18:30:46
171,Qbspl'Ivdlu,z:XZqtkie,ihyulzqvuhaohuGlehtwsl5vyn,2022-03-15 11:36:52
173,Hspzvu'Qvouzvu,ee<=Ux,spzhjvslthuGlehtwsl5ula,2020-12-23 03:27:42
176,Thyph'Jbuupunoht,2OBRuy@p>79olz,yvkypnblgavkkGlehtwsl5jvt,2020-10-22 20:05:14
177,Whbsh'Qvouzvu,/Zf>=HSt=(vp,spzhmylujoGlehtwsl5jvt,2021-09-26 04:31:37
179,Joypzavwoly'Svwlg,:TV*7Cu,nohyypunavuGlehtwsl5jvt,2021-05-07 11:14:24
181,Lspghilao'Ztpao,eU>DxCfZ-0,spzhdollslyGlehtwsl5vyn,2020-11-10 08:00:04
187,Zalwohupl'Whyr,Pf<9MUddaV,ybiluvkvuulssGlehtwsl5ula,2022-11-16 01:01:32
189,Huaovuf'Dhnuly,Sy1k8OqT1WtM,mwhjoljvGlehtwsl5vyn,2020-05-04 06:29:08
192,Spzh'Zwlujl,"e(,>9Icdj",myhur>=Glehtwsl5jvt,2022-08-09 01:49:05
194,Lkdhyk'Yvipuzvu,odR8;JknoeGCX,whaypjph=;Glehtwsl5jvt,2021-08-02 22:37:57
197,Lspghilao'Ztpao,iGQ:?NmNl,tvynhu:9Glehtwsl5ula,2023-03-03 00:17:58
200,Hupah'Olyuhuklg,TkT@JHFZV/,kvypz@8Glehtwsl5jvt,2021-10-08 12:01:11
203,Hupah'Rspul,/beCW/Al-9Zxn,amsltpunGlehtwsl5ula,2022-02-15 06:59:25
205,Kphul'Ovdlss,ec=/F(b,piyvvrzGlehtwsl5jvt,2020-09-17 11:42:27
208,Zplyyh'Yhtpylg,180PZv<kBifL,rlssf@9Glehtwsl5vyn,2022-09-21 07:00:14
210,Khcpk'Iluqhtpu,+(TyaLj;I:,ovnhutpjohlsGlehtwsl5vyn,2022-05-12 21:11:30
213,Upjvsl'Wlyrpuz,"G,g9TCtJZ2",iyhkslfobtwoylfGlehtwsl5vyn,2021-01-31 09:54:05
215,Upjvsl'Rlssf,"K7TGxKem,9kF*",huklyzvuiyfhuGlehtwsl5vyn,2022-04-20 10:37:14
218,Qluupmly'Khcpkzvu,/e+<FpGss,joypzavwoly>@Glehtwsl5vyn,2021-11-12 09:11:57
221,Spzh'Dpszvu,1i77CBa,zbttly8>Glehtwsl5vyn,2020-10-21 22:03:40
224,Hptll'Tjjvytpjr,"LU,7Ihwu",huaovufsvwlgGlehtwsl5ula,2020-04-10 01:38:24
226,Jolyfs'Opss,"f,7Zosc",avtzjvaaGlehtwsl5vyn,2021-07-27 05:35:07
229,Ivuupl'Whjl,78pxGqvvel,iyphumpagwhaypjrGlehtwsl5jvt,2022-06-04 08:29:38
231,Ghjohyf'Thyxblg,f>fXgk,wypjlnhyylaaGlehtwsl5jvt,2020-10-14 19:25:38
234,Whtlsh'Ihrly,",;Lm@hq?l",qlmmylf9>Glehtwsl5vyn,2021-04-19 23:52:27
526,Rypzapuh'Whnl,"?,7UCc",zzjvaaGlehtwsl5vyn,2023-03-27 19:35:59
239,Dpsspht'Dpszvu,+7GrRb,hyplswhaalyzvuGlehtwsl5jvt,2021-04-24 06:11:07
242,Ky5'Rptilysf'Zjvaa'TK,>*:<Cqncf,zolyypahalGlehtwsl5jvt,2023-02-02 16:15:50
244,Ghjohyf'Zptwzvu,0(:HVUqy(NuuA?,qhzvujohyslzGlehtwsl5jvt,2021-10-13 13:28:39
247,Ky5'Khyyfs'Wyhaa,1>SVfbamS,qvzobhkvuvchuGlehtwsl5ula,2021-10-05 06:25:04
250,Zhyho'Qvouzvu,"l,7Kij,",qhtlzshulGlehtwsl5ula,2020-07-24 18:51:39
252,Tpjolsl'Svdl,"Jx8Y-d(eA,ivO<",cjybgGlehtwsl5jvt,2020-11-09 21:36:07
255,Jhzlf'Ryhbzl,e:Jsmd,sjvvwlyGlehtwsl5jvt,2021-01-12 17:21:03
257,Phu'Hukyldz,z(?tTnp=TIW2i,tsllGlehtwsl5ula,2021-05-07 18:12:38
260,Iypaahuf'Ahfsvy,u:q(9tZbtBgX,qhtlz?;Glehtwsl5vyn,2022-06-11 04:05:01
262,Rfsl'Iyvdu,*9B?Ycx-88gf,hsspzvu9=Glehtwsl5ula,2022-07-23 11:15:13
265,Shbyh'Nyhf,2lU@ZgZKx8Iyo,libaslyGlehtwsl5ula,2022-01-24 22:15:11
269,Uhahspl'Obmmthu,"(x-vPhR8Z2>,k",kaovtwzvuGlehtwsl5vyn,2022-09-19 08:25:42
271,Iyvvrl'Zallsl,"@LfZ7guf,a9",qvouzvuhtfGlehtwsl5vyn,2020-01-14 13:38:12
274,Tpjolhs'Ylpk,IG?Qb+7,whkpsshqluupmlyGlehtwsl5ula,2021-06-15 00:42:29
276,Tpjohls'Dhsshjl'TK,J0:?NAHm@kK+J,uqhjvizGlehtwsl5vyn,2022-06-09 13:05:19
279,Tpjohls'Ztpao,",>Y,?VWoh:B",hnbpshydpssphtGlehtwsl5jvt,2020-09-19 02:58:48
282,Zolsslf'Hukyldz,"eu<,OpSV,BF",ohssdlukfGlehtwsl5ula,2022-01-22 08:32:51
284,Thyr'Ohyclf,0:SX0k,zhyhkbujhuGlehtwsl5jvt,2022-06-09 14:56:25
287,Zbzhu'Uvchr,fVz7JJR=8enTsZ,yvilyajshyrGlehtwsl5vyn,2020-05-08 02:32:59
289,Thynhyla'Dlpzz,"=,/9gMGa(w",jhsklyvuiyluaGlehtwsl5vyn,2020-03-09 20:27:45
292,Qhtlz'Yvkypnblg,1?:Wgsru0DO2t2,hzoslf=;Glehtwsl5jvt,2020-06-21 06:33:36
295,Ahttf'Ihyhqhz,EsG0<Jv,ihrlyzolyypGlehtwsl5jvt,2023-03-26 15:45:50
297,Hunlspjh'Tjjhss,(7IgeT,tpjohlsvdluGlehtwsl5vyn,2021-04-22 14:49:24
300,Tpjolssl'Hsslu,f/a>=Kaq+D,vtjwolyzvuGlehtwsl5jvt,2021-03-25 22:35:25
302,Qlyltf'Hschyhkv,/fM;Tp,kphuh8?Glehtwsl5vyn,2022-06-23 06:04:19
305,Thaaold'Zavul,;sE>rKfTe,uhaohu@<Glehtwsl5ula,2022-11-15 03:19:42
308,Qhtpl'Yhtpylg,/f?9H(taa>,qluupmly=7Glehtwsl5jvt,2022-11-03 06:54:44
311,Qbsphu'Lkdhykz,F/8VUw*8<YT,iybjliyvvrzGlehtwsl5ula,2021-07-27 23:40:23
313,Tyz5'Ltpsf'Dpsjve,;dmXZVEg?J(=(S,thyf>9Glehtwsl5ula,2022-07-10 17:37:37
316,Iyphu'Yvipuzvu,fBTx+9Jn,ghtvyhjoypzavwolyGlehtwsl5ula,2022-04-07 06:52:29
319,Thyf'Lypjrzvu,"*:efBP,G*m(+A",tlnhu:8Glehtwsl5ula,2020-05-03 05:16:01
322,Qvuhaohu'Yovklz,fLfJBk7NsXk9O,tlshupllzalzGlehtwsl5jvt,2021-01-25 11:45:29
324,Yfhu'Mhbsruly,fEf9@HCwJ+,zbzhukhcpshGlehtwsl5ula,2021-01-04 12:26:03
327,Thypv'Yvilyaz,@X/uY=@kCee,hkyphuoluzvuGlehtwsl5jvt,2022-12-29 20:54:46
329,Hsfzzh'Ishpy,t+9<YPXh:e,nvughslgryfzahsGlehtwsl5ula,2020-07-29 05:11:56
332,Afsly'Mvdsly,2peBXpav0l>9,wsldpzGlehtwsl5jvt,2020-12-20 23:34:50
334,Uhahzoh'Nvtlg,Q*K;F-uuY2>k,thyrwlalyzvuGlehtwsl5vyn,2022-11-25 07:58:17
337,Thynhyla'Dhazvu,2;@@Px7+u,nhiyplssh>:Glehtwsl5ula,2020-04-10 21:12:39
340,Qlzbz'Zdhuzvu,GUCh:>Op0:MG>,kbuutpjohlsGlehtwsl5vyn,2022-02-26 08:44:15
342,Thaaold'Oluzvu,-;qm+Ady,afslysvypGlehtwsl5jvt,2023-02-14 18:45:52
345,Khyyfs'Nhykuly,*e;kMKri2uX,thyf77Glehtwsl5jvt,2021-04-20 11:54:03
347,Hslehukly'Ohywly,M;iZdG+81oR,hthukh==Glehtwsl5vyn,2021-11-21 00:13:37
350,Qvou'Dlizaly,"GZG,Ekvc:",mhyslfyfhuGlehtwsl5ula,2021-12-30 09:44:30
353,Qbspl'Obua,"+P>,Uh2jf99",hukylh:8Glehtwsl5vyn,2021-01-26 21:32:28
356,Spukh'Tjrlugpl,zi@R2;Vlg,kliyhwlylgGlehtwsl5vyn,2020-10-27 16:12:29
359,Hbzapu'Wvdlss,-V<YWAYo,qvzlwodypnoaGlehtwsl5jvt,2020-11-07 03:28:20
361,Qluuh'Kphg,"qM,GPkcV27",thyfrlsslyGlehtwsl5vyn,2020-10-17 15:46:23
364,Lypj'Jbttpunz,y9NOb2=sG9,dviypluGlehtwsl5ula,2021-12-08 16:05:54
366,Qhzvu'Hylsshuv,",e<nzx7:RSF2",qlmmylfsbjlyvGlehtwsl5ula,2021-01-28 04:17:50
369,Rlukyh'Nylnvyf,",==*D*XfXM>",civdthuGlehtwsl5ula,2022-06-23 03:07:07
372,Jhpaspu'Whaalyzvu,",;DA/m+FiG>eKz",dhazvuyhukfGlehtwsl5ula,2020-10-10 01:12:11
374,Zohyvu'Ilyyf,"qiB<K,BzeTU?a",khcpzwypzjpsshGlehtwsl5jvt,2021-11-11 10:29:04
377,Dlukf'Ztpao,ft<Jmh,tflyzzolyyfGlehtwsl5jvt,2021-02-27 10:31:55
382,Ovssf'Tvvkf,?9ZS9izw+mo,tvvylrluulaoGlehtwsl5vyn,2021-02-22 15:32:30
385,Yvilya'Khupls,*x:SXL;v,nhiyplssh>?Glehtwsl5vyn,2022-03-12 00:09:32
387,Rptilysf'Fvbun,o?tBWu9kG:0f,ljhzlfGlehtwsl5jvt,2022-12-12 20:52:13
390,Qvou'Jve,190NRv@*Wz8j,qhrlaovtwzvuGlehtwsl5vyn,2022-06-23 01:39:14
393,Joypzavwoly'Iyvdu,"N-u/gRzr(B,?",hnhssvdhfGlehtwsl5ula,2021-02-26 07:50:29
396,Tlnhu'Mbssly,e@jGmjjM;0,dnvughslgGlehtwsl5vyn,2022-07-09 05:36:32
398,Kdhful'Mbssly,-:BNHu,yhukfzbttlyzGlehtwsl5vyn,2021-05-12 18:39:34
401,Uhujf'Qvouzvu,",8KJG2r",qvls;8Glehtwsl5jvt,2021-05-12 14:43:28
403,Tpjohls'Jve,G0=Y9Xq*NfA0,hyaoby9<Glehtwsl5jvt,2023-03-20 04:12:03
406,Zalwolu'Ohuzvu,cvV7=YKno2Z,vdluzhyhGlehtwsl5vyn,2020-06-10 06:33:17
409,Jyhpn'Upjovszvu,2<7ZsbdheI,rkhcpzGlehtwsl5ula,2022-10-21 19:36:44
411,Hkht'Mblualz,mTRG>@wWD2,klylrnvvkdpuGlehtwsl5ula,2020-08-12 18:31:19
414,Rptilysf'Lchuz,"Zv,tKj@0P<<Q",fdvvkhykGlehtwsl5jvt,2020-01-19 09:45:48
416,Tlspzzh'Thyapulg,nKG:W?Xl;f,zhyhilssGlehtwsl5jvt,2022-04-21 08:51:39
419,Thaaold'Svwlg,JG@PPoq,iybjldopalGlehtwsl5vyn,2020-09-29 21:36:35
421,Ky5'Oljavy'Dhsalyz,2(j8fQl0,gkvfslGlehtwsl5vyn,2021-07-20 07:00:07
424,Nsluu'Jvudhf,/7BzUtd,dypnoaiylukhGlehtwsl5vyn,2021-12-10 22:46:13
429,Qluupmly'Jvzah,(eEPLPs==,uypclyhGlehtwsl5ula,2021-05-01 00:39:41
432,Kliipl'Johclg,I+7UdDPyG,dyvkypnblgGlehtwsl5jvt,2022-06-20 01:11:02
434,Qlzzpjh'Thzvu,"gW,HAb0;2f1<=",uhaohupls<;Glehtwsl5ula,2022-02-21 03:04:16
437,Lypu'Chzxblg,F08q17Jtc,shyyftpsslyGlehtwsl5vyn,2022-01-23 05:01:18
439,Aptvaof'Msltpun,<R:gRIKm**,ztpaoolhaolyGlehtwsl5ula,2021-10-29 05:54:06
442,Thyjbz'Zpttvuz,*TK:XsXaB1;,klyypjrmvyilzGlehtwsl5jvt,2023-02-10 08:12:03
444,Qhtlz'Dpssphtz,xf:A7=Zc;Gvj,ybpgqhtlzGlehtwsl5vyn,2021-09-09 05:18:48
446,Rhaosllu'Jbyyf,L<+7V@sOuWTSLC,rypzapulohyclfGlehtwsl5jvt,2021-10-04 17:55:30
449,Hsleh'Svghuv,biF9nUrt0S9g,anpsslzwplGlehtwsl5jvt,2021-01-29 21:05:19
452,Tpjolssl'Ohuzvu,8z+=hZbx,ezbsspchuGlehtwsl5vyn,2020-06-12 01:09:07
455,Khuplssl'Jshyr,07JtGC?Q8FrMm,zahjlf=:Glehtwsl5jvt,2022-06-29 14:16:10
458,Hhyvu'Ishjr,"(,U?Gex",qsvwlgGlehtwsl5ula,2021-06-22 09:46:55
460,Htily'Tlkpuh,D+P7qXKx0/ee;y,joypzapuhkhuplszGlehtwsl5jvt,2020-12-16 05:47:07
463,Jhyvspul'Dpssphtz,+8jDJ;Tm,dspukzlfGlehtwsl5vyn,2023-04-30 22:32:23
465,Qvzobh'Nvughslg,1I/Hxx=RID>,qvouavyylzGlehtwsl5jvt,2020-08-02 02:58:22
468,Zalclu'Huklyzvu,Uz@SYj=b*>v,lchuzrpyzaluGlehtwsl5ula,2021-10-18 08:31:40
471,Aovthz'Thyapulg,+ke?Ps,uhchyyvspzhGlehtwsl5vyn,2023-02-24 00:26:43
474,Kfshu'Kpevu,rwO;g(gJse=+?,mvykthyrGlehtwsl5jvt,2023-04-05 12:01:14
476,Zohuuvu'Johuksly,"1l>9,LtAIvD",tpjohlsiyhkmvykGlehtwsl5vyn,2021-08-08 20:03:54
479,Hunls'Zdllulf,*w8sArw,ddpssphtzGlehtwsl5jvt,2020-04-02 20:17:56
481,Ky5'Whaypjph'Zoho,>@8JlkFfH+/MH,tlshuplrlsslyGlehtwsl5jvt,2022-10-27 13:44:30
485,Tlspzzh'Unbflu,VkFf8nAs1y-,zwhyrzkhcpkGlehtwsl5vyn,2020-03-02 06:19:51
487,Ypjr'Ztpao,(7EG/a,qvzobhtjjshpuGlehtwsl5ula,2020-07-26 13:21:44
490,Thyf'Wplyjl,",GN;XtQtR",yhjolsdhnulyGlehtwsl5ula,2020-09-28 08:30:38
492,Yfhu'Qhjrzvu,G8WkJrn2,uiyvduGlehtwsl5vyn,2022-07-22 20:13:53
495,Ayhjp'Lclylaa,/>tGLOGavgr,dhazvuqluupmlyGlehtwsl5vyn,2022-09-03 04:41:32
497,Nylnvyf'Khdzvu,f+9RAyMB-U,hslepz@?Glehtwsl5ula,2020-08-22 09:46:21
500,Whaypjph'Slhjo,B:Mf1REla-ORH-,dopaulfaovthzGlehtwsl5jvt,2023-04-05 06:52:52
503,Htf'Thyapulg,fQG@D<Vo,gpttlythurypzapuhGlehtwsl5jvt,2022-01-23 16:09:35
506,Thypzzh'Dopal,YfQERVaffD<k:Q,hthukh:<Glehtwsl5jvt,2021-12-29 11:29:14
508,Kyld'Nhyjph,I(9Y/FpK,ayhjlf:8Glehtwsl5ula,2023-02-18 03:06:42
510,Kliyh'Svdlyf,;ee>H/h,qlzzpjhthyapulgGlehtwsl5vyn,2022-07-02 19:38:45
513,Ky5'Olpkp'Tvuanvtlyf'KKZ,>/Q9Wx,ulszvuthyrGlehtwsl5ula,2020-11-07 23:05:04
516,Joypzapuh'Qvulz,7MCuMCKD1,lzptwzvuGlehtwsl5ula,2022-03-05 06:21:53
518,Jvssllu'Dvvk,N+:GETt8,tvynhuibzoGlehtwsl5ula,2021-02-26 20:29:18
521,Aolvkvyl'Uvyypz,07=OOa<,dvvkqbzapuGlehtwsl5vyn,2022-07-21 09:35:27
523,Rlcpu'Zpsch,+e?G(gU1yr=uvT,alyyp<<Glehtwsl5ula,2021-02-23 22:08:31
530,Qbzapu'Jhtwilss,G-JS7Gb,ivi79Glehtwsl5jvt,2023-04-22 22:18:12
531,Khuplssl'Thyapulg,/*?WXh,hsslu?:Glehtwsl5vyn,2021-01-19 22:18:05
533,Kyld'Ohdrpuz,=2Gt@/GDeu;,ovdhykqbsplGlehtwsl5ula,2020-06-05 22:12:27
536,Cpjavy'Tbyyhf,9n2zr<COD7S9VD,htf:<Glehtwsl5ula,2021-01-25 14:55:16
539,Ahttf'Chynhz,o/i78QkK,jhaolypulwluhGlehtwsl5vyn,2023-05-16 19:30:05
541,Thubls'Ahfsvy,uG7WP>v,aovthzwhtGlehtwsl5jvt,2020-09-12 00:36:10
546,Zhyho'Jhykluhz,ngG2@Afe?,ljhzapssvGlehtwsl5vyn,2022-04-14 08:52:30
549,Zhtbls'Gpttlythu,",ZSlQ*cPf:",kzohmmlyGlehtwsl5vyn,2020-12-26 15:39:34
552,Qhtlz'Wplyjl,ihsWYarU(Gs;;u,spzh<:Glehtwsl5ula,2022-12-03 17:40:16
554,Khuplssl'Tlyypaa,"-RIFPz,JeF8uzO",ypslfnyhuaGlehtwsl5vyn,2020-10-22 21:28:03
557,Rlssf'Jhsovbu,Ko+G*Bbeqi->I@,zohyvutvynhuGlehtwsl5vyn,2020-03-07 21:33:14
560,Tlspzzh'Wvdlss,u0:Qfeufs,ahttf>:Glehtwsl5jvt,2022-06-14 20:52:29
562,Olhaoly'Opjrthu,lrfN:=Kq2*,hukylh==Glehtwsl5vyn,2021-10-29 19:26:01
565,Hsle'Aovthz,2<Q>eL(d,ivuupltjkvdlssGlehtwsl5ula,2020-05-27 00:05:46
567,Tyz5'Jhyypl'Iluzvu,"1g<jo1Zt,F",qvzlwomsvdlyzGlehtwsl5vyn,2022-07-13 18:02:50
570,Iyphu'Ihealy,1vgMwczgaTz=,johukslyhhyvuGlehtwsl5ula,2021-10-25 18:19:58
573,Khcpk'Opss,>17QLxa,dhsrlyshbyplGlehtwsl5ula,2020-01-09 10:01:51
576,Whbs'Wplyjl,e>gY(oWe,tvzzhslehuklyGlehtwsl5vyn,2022-05-26 17:46:42
578,Jhyypl'Shdzvu,eLWzR1Sdv<,tzhujolgGlehtwsl5jvt,2020-12-15 07:01:23
581,Thyph'Qvykhu'TK,By7f2eOI1ogEA,xuhzoGlehtwsl5jvt,2022-03-28 15:32:34
584,Tpajolss'Jvvwly,"ff?XJehtR,77Y>",olukypjrzthyfGlehtwsl5ula,2020-10-12 14:15:26
586,Zalwohupl'Tlqph,"tq,,>cp17F2;F",thyrdpzlGlehtwsl5jvt,2021-02-28 14:37:30
589,Khcpk'Kbuu,Veee7ADsun8,etjshbnospuGlehtwsl5jvt,2020-05-03 09:09:52
591,Yhjols'Dpsrpuzvu,j+p?DjvW2ijG,tpjolslthsvulGlehtwsl5jvt,2022-01-30 11:37:29
594,Khcpk'Dhyk,rq/1ZW/gbX:9=,ahttfohyypzGlehtwsl5jvt,2022-11-04 20:15:54
597,Aptvaof'Dypnoa,7/8Ly8,thyzoqlzzpjhGlehtwsl5vyn,2020-02-10 02:49:26
600,Rhaoyfu'Yvislz,",E?n<VGwIZ",ahyh=;Glehtwsl5vyn,2022-04-06 20:48:18
602,Aptvaof'Uplszlu,(8+w:Xri;;RP;,ciyfhuaGlehtwsl5jvt,2022-01-26 10:08:24
605,Tpzz'Qlzzpjh'Yvkypnblg'WoK,S@O2udRgUt?9EG,ovssfnylluGlehtwsl5ula,2020-06-01 05:28:54
608,Joypzavwoly'Dhsrly,"*,>C/v",thaaold78Glehtwsl5jvt,2021-04-21 20:41:07
611,Thyf'Nhyjph,gG/@UNp,joypzavwoly;7Glehtwsl5ula,2021-03-11 23:58:15
613,Yovukh'Dhsrly,/z<>Nmrgs/oh,pihpslfGlehtwsl5jvt,2022-12-25 08:35:36
616,Ty5'Jbyapz'Ohyypzvu,xe@XkhsW-HPdR,kvbnshz><Glehtwsl5ula,2020-07-14 22:46:34
619,Ilaohuf'Kvbnshz,C:8+Ndgjf-,myllthutpjolsslGlehtwsl5jvt,2020-09-10 05:39:23
620,Spzh'Qvouzvu,7JUVL=tA0PYfKu,ktjjhuuGlehtwsl5jvt,2021-10-29 08:02:08
623,Aylcvy'Wypjl,"S,=STzxnel",avttf77Glehtwsl5ula,2022-12-15 21:23:37
626,Dlzslf'Zolsavu,uI:VITd//v9NGl,zoplskzolhaolyGlehtwsl5jvt,2022-09-28 07:59:43
628,Jyhpn'Zhuklyz,wkn??XPf2cS-7d,ydbGlehtwsl5vyn,2020-03-31 13:26:32
631,Iylua'Nypmmpu,?97Z=9XJ-up;du,ypchzkvtpupxblGlehtwsl5jvt,2023-01-02 03:52:49
636,Htf'Jsltluaz,0/CbeJ*xQv>i,clyvupjhopssGlehtwsl5jvt,2020-02-21 21:12:16
639,Shbyh'Lhavu,"G?;PTRa*A,",slvurlssfGlehtwsl5ula,2021-11-12 09:12:29
642,Ahttf'Wplyjl,K9sT/Zm7+Tm,krluaGlehtwsl5vyn,2020-09-04 18:17:02
644,Iyphu'Vdlu,txS8UK?c*/h,khcpkwlyyfGlehtwsl5jvt,2023-01-17 00:07:27
647,Khuplssl'Hkhtz,1T2:P;n,zalclu>9Glehtwsl5ula,2020-10-24 09:37:46
649,Shbyh'Svghuv,"/,CWMwCrKL9@",zjvaa>:Glehtwsl5ula,2021-06-26 13:05:37
652,Rptilysf'Olyuhuklg,+8OIEhNYnGDaiJ,njhyalyGlehtwsl5vyn,2021-07-23 16:25:56
654,Jhaolypul'Tflyz,WN/=:LPb9,rhaofwhstlyGlehtwsl5vyn,2023-02-25 02:25:18
657,Qlzzpjh'Iyfhu,oSJmiO2L0<1(,jyfzahs:8Glehtwsl5vyn,2020-07-07 11:12:47
660,Rlssf'Iyvdu,+jMhPavY?Z7sp,zthfzGlehtwsl5vyn,2021-11-14 18:53:13
662,Qvkp'Ovknl,(f1q9Qr,thyapuqhtlzGlehtwsl5vyn,2023-03-19 10:42:15
664,Upjvsl'Dhyylu,GJqiXIGh@I,zalwohuplypkkslGlehtwsl5vyn,2022-07-31 04:19:39
667,Qlmmylf'Dpsrpuzvu,(7p/IDl,yhjols>7Glehtwsl5jvt,2022-02-21 09:54:05
669,Myhur'Whful,e2G@r1oaiTyHGG,dpsspht:9Glehtwsl5ula,2021-12-13 05:14:42
674,Yvilya'Zjoulpkly,(-c=BEH8w-IVcG,zalcludhsrlyGlehtwsl5jvt,2020-03-02 16:50:37
677,Hwyps'Oluklyzvu,Exn=nvZgG>O>,qhjrzvuzbzhuGlehtwsl5jvt,2021-10-25 15:20:14
680,Rlcpu'Ohyypz,0A@aVxf<w01eVl,tlspzzhtlflyzGlehtwsl5ula,2022-06-30 23:25:29
683,Avkk'Jvuslf,KL>ppn0d*/Ntu,kdlsjoGlehtwsl5jvt,2021-09-17 15:06:38
685,Ahufh'Jhyyvss,JwG:8LeGL0hg,lspghilaouvythuGlehtwsl5jvt,2023-01-10 16:30:36
688,Nhyf'Whals,jvEX?Ewn7+j9,lzjvihyyhjolsGlehtwsl5vyn,2022-10-21 18:11:40
690,Ovssf'Kpjrlyzvu'TK,e7KHjz,qhztpuldlzaGlehtwsl5ula,2022-11-11 19:31:04
693,Qbsphu'Svwlg,"msQm79ZGl,0iV",qvftvvylGlehtwsl5ula,2023-04-25 08:29:55
696,Hwyps'Qbhylg,(;Do(f,jshbkph7<Glehtwsl5vyn,2020-03-19 06:49:28
698,Thubls'Thaopz,"r1P=FCrGHH,Nz",gdhzopunavuGlehtwsl5jvt,2021-02-19 07:57:26
704,Rhylu'Dlhcly,+:HtkaI1,tjkvuhskhuuhGlehtwsl5ula,2021-10-21 03:35:44
706,Qvou'Ohttvuk,v:IRcjx>/9,nhiyplssljvuaylyhzGlehtwsl5jvt,2020-04-11 05:13:16
707,Khuuf'Hsslu,e+;B:f,ilhzslfahfsvyGlehtwsl5vyn,2020-03-15 06:23:24
708,Tpjohls'Msvfk,e7sRw8wk2ML,tpjolssl77Glehtwsl5jvt,2021-07-25 11:03:19
710,Upjovshz'Olyuhuklg,d?ZfK-qf1ZI?+(,yvilyayhtvzGlehtwsl5ula,2023-01-30 18:19:07
713,Aovthz'Ohykf,eT7/ApzMwG,uyvipuzvuGlehtwsl5jvt,2022-08-23 06:07:56
716,Qlzzl'Rpyr,efzp;Iw,nylluavupGlehtwsl5ula,2021-01-31 00:18:32
718,Rptilysf'Tbywof,Gs=Lrq,wbnohzoslfGlehtwsl5jvt,2021-11-14 06:01:50
720,Rypzapu'Yvkypnblg,z8JCstNUacGer,qhtplwluupunavuGlehtwsl5ula,2021-12-31 22:50:07
723,Khuplssl'Hslehukly,+<Vuh2A,qlzzpjhqvouzvuGlehtwsl5jvt,2021-09-04 00:19:58
726,Hzoslf'Ivfk,KVG2>NrlMdf,aolylzh<>Glehtwsl5jvt,2022-01-14 22:09:54
729,Zalwolu'Vdlu,/U>Tdlm,tpsslyalylzhGlehtwsl5vyn,2020-01-24 17:40:43
731,Zhthuaoh'Obua,"aR/t;A,l/;vJ",iypaahufnpstvylGlehtwsl5vyn,2020-10-28 00:52:51
734,Zjvaa'Qbhylg,/2?AVxQH+,qhjvi9>Glehtwsl5jvt,2020-01-24 01:41:07
737,Zjvaa'Thyapulg,G17LqW,gsldpzGlehtwsl5vyn,2022-01-25 19:25:41
739,Thyr'Zvsvtvu,;G7>PNFcIuClL,jshyravufGlehtwsl5jvt,2021-05-20 19:06:04
742,Iylukh'Qhjrzvu,-<GNS+Fu,kvuuh;7Glehtwsl5jvt,2022-09-06 17:59:20
744,Wopspw'Zpttvuz'Qy5,-8k+-ibvivZ,rzvsvtvuGlehtwsl5jvt,2022-02-23 09:37:44
747,Khyylss'Mvslf,08BH=h,qvzlwodpssphtzGlehtwsl5vyn,2020-05-04 14:09:40
750,Rypzapuh'Iyvdu,",@PG=ZrivC@9",nqptlulgGlehtwsl5ula,2022-05-15 11:04:09
752,Qvzobh'Ibyulaa,QF>xkvTlef,zahjlfabyulyGlehtwsl5ula,2021-07-28 07:06:48
755,Wopsspw'Rslpu,xB(9K<Re,dpsspl;8Glehtwsl5ula,2021-05-01 01:01:42
757,Jhukpjl'Ryhtly,*TG7Iea9,njsltluazGlehtwsl5ula,2020-02-26 18:32:51
760,Iyvvrl'Dpssphtz,I?kQQtjy-,unbfluyhjolsGlehtwsl5ula,2020-03-13 12:19:24
762,Tvupxbl'Jvuaylyhz,?+=fDrfBzzgeF,jvyalgzbzhuGlehtwsl5jvt,2020-12-05 04:16:12
765,Ovdhyk'Tjrupnoa,e9NEeu?,rlssf7>Glehtwsl5vyn,2020-07-13 08:12:08
768,Hthukh'Khcpz'TK,-i;9aGl,tluklghukylhGlehtwsl5jvt,2020-08-19 02:41:01
770,Qlyltf'Oviiz,0(;T<1D=fkWK*,aypjohykzvuGlehtwsl5jvt,2021-09-07 04:55:39
773,Zbghuul'Dpssphtz,/@tQ0b+2?9HZ,ezhdflyGlehtwsl5vyn,2022-05-24 07:53:47
775,Iyphu'Zlsslyz,JSu1MopQl9HId,vmhyslfGlehtwsl5ula,2020-11-05 22:20:37
778,Lkdhyk'Jolu,Y17*kstD-789Y,iyhukf?:Glehtwsl5jvt,2022-03-25 22:08:02
781,Ty5'Qhtlz'Nhyjph,iH(:dyRs,rluulaoohfulzGlehtwsl5jvt,2020-09-12 12:53:28
783,Qhtlz'Dpssphtz,J+:x:Pi,ahufhtvzzGlehtwsl5jvt,2021-01-11 02:42:17
785,Khcpk'Zvzh,twT;fDpgLSEf,zalcluyvilyazGlehtwsl5jvt,2021-07-17 08:47:37
788,Tlnohu'Nbaplyylg,e0?Us2Dv:,jolszlh<;Glehtwsl5jvt,2022-05-03 06:51:19
791,Hkyphu'Fvbun,/G9Gxq7nCG,fiyvduGlehtwsl5jvt,2022-06-01 00:12:28
793,Qluupmly'Ohflz,e:8Lyc7mmPQ,kvuuhihpslfGlehtwsl5ula,2022-06-16 21:53:32
796,Jvbyaulf'Yvnlyz,fN?G=?gI=/O,pivdthuGlehtwsl5jvt,2021-01-17 23:24:06
798,Rlssf'Ohtwavu,",:G<Eq",wdhazvuGlehtwsl5jvt,2021-05-06 21:57:32
801,Rhaypuh'Yvipuzvu,ez9L:o,rluulao<:Glehtwsl5vyn,2020-03-23 06:58:55
803,Dlukf'Qvouzvu,2n<Q2cq,zaovthzGlehtwsl5ula,2020-03-28 12:35:19
808,Qvykhu'Ypjo,-w2MtT8bx?,ihrlyjolszlhGlehtwsl5ula,2020-05-14 01:36:37
811,Khupls'Mpzoly,0:0yO*DGel*oJr,ihyyf::Glehtwsl5jvt,2020-11-30 11:43:56
816,Dpsspht'Dhsshjl,2e/>OCt>:q;R,dhssluGlehtwsl5ula,2021-11-18 10:00:53
818,Hscpu'Qvouzvu,0@OIv2u(IrWv,nhyylaathyphGlehtwsl5vyn,2020-05-23 20:08:53
821,Khuuf'Tbsspuz,e0<EXxHh,ahttfthyapulgGlehtwsl5ula,2021-12-22 19:50:56
823,Hthukh'Npss,OG8HstmheA,zalwolu>:Glehtwsl5ula,2022-10-12 23:36:36
826,Kvuuh'Mpzjoly,-;=9Gn,mvyilzqhzvuGlehtwsl5jvt,2022-11-26 11:38:18
828,Rlpao'Unbflu,yq><FlqC+oVE=b,klcpudpssphtzGlehtwsl5ula,2021-05-09 04:11:02
831,Klupzl'Whals,",i-mqT1oe<Vf",thrhfsh7@Glehtwsl5vyn,2021-02-22 04:04:14
833,Khyslul'Tpssly,GYbBD9GwNp7aE,zbttly=7Glehtwsl5jvt,2021-11-29 16:06:06
836,Qvf'Lsspz,"ph>@XY21,0@",boluyfGlehtwsl5jvt,2021-12-23 02:34:26
839,The'Uvythu,1n:Ek=,qvouzvuypjohykGlehtwsl5ula,2020-03-08 02:40:42
841,Aovthz'Npsilya,X-@ZzO,spzhztpaoGlehtwsl5ula,2022-08-10 08:59:29
843,Rhaolypul'Zjoulpkly,",=0KLjhLxiUU",jdopalGlehtwsl5vyn,2023-05-06 23:29:32
846,Hkyphu'Iyvdu,G>YrGhlhr<S,uhaohu99Glehtwsl5vyn,2023-02-27 14:39:49
849,Tlnhu'Zjvaa,0<YF:mSFG,gqhjrzvuGlehtwsl5jvt,2023-03-08 00:10:05
851,Kvuuh'Ibyuz,"M1,;EJJb",khcpkyhtvzGlehtwsl5vyn,2022-08-11 19:37:48
853,Ilspukh'Dopal,(8UDEgi,rhaoslluvdluzGlehtwsl5vyn,2023-04-20 19:22:38
856,Qhzvu'Obkzvu,rvUIhowM-NK:J,shtilyaqvuhaohuGlehtwsl5vyn,2023-04-07 19:16:31
859,Yvilya'Dhalyz,/*N8eL9yUBPFo>,rptilysf8@Glehtwsl5jvt,2023-03-23 05:29:40
861,Thaaold'Uvythu,w-d?1BsU;sm,qvouzavuqvzlGlehtwsl5jvt,2021-02-21 05:24:07
863,Chslypl'Vyapg,9V;9B8lYoeGlJe,sldpzqbzapuGlehtwsl5ula,2020-12-09 13:32:03
869,Vspcph'Khcpz,f-=GIqOfeLqvsr,jvyalghwypsGlehtwsl5ula,2021-05-04 17:20:48
872,Yvuhsk'Dypnoa,*;cO:zt,tnvughslzGlehtwsl5ula,2021-12-28 19:09:52
874,Johyslz'Tjkvdlss,=MP<(KOs+TVeD,aiyhkslfGlehtwsl5vyn,2023-02-01 16:43:03
877,Jhzzhukyh'Tvuanvtlyf,rU?+9Sq,avuf87Glehtwsl5ula,2021-11-10 21:42:11
879,Spzh'Dpsrlyzvu,?d>WYX0q1,zwlujlyzohduGlehtwsl5ula,2020-12-22 15:35:15
882,Upjovshz'Dypnoa,>1=SiWuQu/Y,qlyltfihsshykGlehtwsl5jvt,2020-07-25 00:57:14
884,Ky5'Qhtlz'Zalwoluz,(7U0+GZvGU1To,yvifuhkhtzGlehtwsl5vyn,2022-07-17 11:01:00
886,Hkht'Jvsl,":-R@i,Nvz",eyhtpylgGlehtwsl5jvt,2022-05-01 22:33:14
888,Qlmmylf'Thedlss,G9dQv-,shslehuklyGlehtwsl5jvt,2020-11-24 06:07:08
891,Kvuhsk'Ibyavu,cBv8eF-jG,apuh>?Glehtwsl5ula,2020-12-24 17:02:36
893,Hipnhps'Nvughslz,+vp<Jbw*lme>D,qhtplilyyfGlehtwsl5jvt,2022-07-05 10:02:25
896,Npuh'Ztpao,P7l?GgxxeG(S,joypzavwolyvszvuGlehtwsl5jvt,2022-10-07 13:31:28
898,Qluupmly'Huklyzvu,+7Wef@<kxDBQD,tprlkvtpunblgGlehtwsl5ula,2020-11-09 17:40:00
902,Qvou'Wlalyz,-b89ZLiP,iluqhtpumyhujpzGlehtwsl5vyn,2021-05-29 01:50:08
904,Wopsspw'Nbaplyylg,+?Khx0T=,copjrzGlehtwsl5jvt,2023-04-25 16:05:00
907,Myhur'Fvbun,M19oEcz,qvzobh><Glehtwsl5ula,2022-07-02 07:53:16
909,Iyhk'Yvkypnblg,:e8=BOSjJBJIqE,dpssphttjkvuhskGlehtwsl5vyn,2021-07-26 17:08:52
912,Kvbnshz'Tvvyl,IG9+HWiIJQGU,kjohclgGlehtwsl5jvt,2023-04-09 03:13:09
914,Yhukf'Tlhkvdz,"FY,m<Mx,H>TW>",ymyhgplyGlehtwsl5ula,2022-11-26 00:06:34
917,Thyr'Dhyk,e:=DNk,nvughslgzohypGlehtwsl5jvt,2021-02-27 10:56:51
919,Tpjohls'Wvwl,/ibepM:qNKdD>U,nwhyrGlehtwsl5jvt,2020-04-27 10:17:17
922,Rhaolypul'Tlqph,"m;>RTERa,",htilyihssGlehtwsl5jvt,2021-12-18 06:15:52
924,Rhaoyfu'Obss,Oek8Jbnot*vF,klivyhoulszvuGlehtwsl5jvt,2020-09-30 20:21:28
927,Zalwolu'Iyhkslf,QU(0Khxa/+p9?D,rypzapul?:Glehtwsl5ula,2021-01-05 11:52:37
930,Htf'Jshyr,e+h8Ll,ojvvwlyGlehtwsl5vyn,2022-10-18 11:37:38
933,Lspghilao'Tpajolss,OG@l0Iu,huaovuf<;Glehtwsl5ula,2022-10-24 04:12:17
935,Shbyh'Ivdlyz,C27yaSd,vzalcluzvuGlehtwsl5jvt,2021-09-18 19:01:50
937,Qbzapu'Huklyzvu,?iMNinoof9,mwlylgGlehtwsl5jvt,2023-04-18 16:49:08
940,Yvilya'Clshzxblg'Qy5,Tf+=JDQkE,htlsluklgGlehtwsl5ula,2020-05-25 10:50:03
943,Ayhjf'Tbyyhf,Mf;NGz,jhyvszvavGlehtwsl5vyn,2021-12-12 15:57:45
946,Ishrl'Rspul,Xv/TzPlq->Q7,rslGlehtwsl5ula,2023-05-02 17:14:42
948,Iylukh'Tvvyl,"Lz,XG*d?f<wqWh",zohul:;Glehtwsl5vyn,2021-05-22 03:30:03
950,Nlvynl'Dpssphtz,"2:,GcrKo",lkdpuzdhuzvuGlehtwsl5jvt,2022-10-03 16:12:01
953,Avup'Thyapulg,OJUgwR7x*l9U,hbzapu8>Glehtwsl5ula,2021-06-22 13:25:43
532,Tz5'Joypzapl'Zayvun,eMr9YnZ,thaaold9?Glehtwsl5ula,2020-06-10 04:15:25
621,Zolpsh'Jvsspuz,X*>wbTro0,qvulztpjolslGlehtwsl5jvt,2022-12-05 14:16:41
709,Thyr'Tbywof,1q07oAJai/9,jhtwilsschslyplGlehtwsl5jvt,2022-09-08 05:45:36
797,Lypjh'Ihyulz,q@>KxEt0fYXP,qvzobh8:Glehtwsl5vyn,2022-06-09 09:25:06
802,Upjovshz'Ohyypz,hue?NxzHfm1(Jy,wyvjavyzohuuvuGlehtwsl5vyn,2020-01-10 14:29:22
885,Olhaoly'Tlhkvdz,o/>ZGq,tpjohlsiyvduGlehtwsl5ula,2021-06-23 20:07:59
94,Tpjohls'Tjjhyaof,",W?WHw",lypr9=Glehtwsl5vyn,2022-07-09 00:13:54
99,Rptilysf'Whals,9QhrLFhHyLU+,hukyld@;Glehtwsl5jvt,2022-05-06 16:00:32
183,Joypzavwoly'Thyapu,0V@W2A@fo-Ee,lkdhykzqlzzpjhGlehtwsl5vyn,2020-05-07 20:30:31
236,Zhthuaoh'Jhyaly,r7rZfzvR-j2(17,zohflzGlehtwsl5vyn,2022-12-31 10:54:57
266,Ahufh'Dpssphtz,S17Gl9NrJ>r,hhyvuzjotpkaGlehtwsl5jvt,2021-04-07 04:38:58
354,Thyr'Ohykf,G;RJsxGi*x;r,nhiyplsslaovtwzvuGlehtwsl5vyn,2020-04-30 01:43:23
380,Zhtbls'Ahfsvy,"n-1:Sb,nzmd",yvuhsktpajolssGlehtwsl5jvt,2022-08-15 12:58:38
427,Zohuuvu'Ihrly,j7HfKQMQ+<k,ihrlyfvshukhGlehtwsl5jvt,2023-04-26 07:24:54
528,Rlcpu'Ifyk,"J,>Q:IlU-",hukyldzohuuhoGlehtwsl5vyn,2020-11-02 03:46:31
543,Qluupmly'Jyhdmvyk,ok*<Lyr2*s9OP,jvvwlyrptilysfGlehtwsl5jvt,2021-07-29 10:33:11
633,Tlspzzh'Uldavu,vL1<SPoKC1XI,joypzavwolyishjribyuGlehtwsl5ula,2020-06-29 08:13:09
672,Zbghuul'Qvouzvu,e;HXDaehIu,hthukh8?Glehtwsl5vyn,2020-04-19 05:30:15
701,Qbzapu'Joypzaluzlu,1j7w:kGh@r9I,whyrlyhslepzGlehtwsl5ula,2022-08-11 16:11:01
805,Ypjohyk'Tpyhukh,"a(m20RXk,@<",qhulazolwolykGlehtwsl5jvt,2021-02-01 14:30:23
813,Thukf'Dhyylu,RM;MgpGrWfJh,ltpsfqhjrzvuGlehtwsl5ula,2020-12-23 14:54:36
866,Rhaolypul'Wluupunavu,",-,Gs-msek>(R",huaovufjvslthuGlehtwsl5vyn,2021-02-08 16:32:22
956,Zhtbls'Shti,">W?A@bO7,*?",tlspzzh=;Glehtwsl5ula,2023-02-11 07:23:26
958,Tlshupl'Lzwpuvgh,<ut(I0wf+X,ylfuvskztlnhuGlehtwsl5jvt,2021-01-25 13:35:18
961,Jfuaoph'Lchuz,p71f=iEMfpQ,fvshukh9:Glehtwsl5vyn,2021-06-04 13:05:19
964,Iyhukvu'Jhyyvss,G7IhGL,rptilysf:9Glehtwsl5jvt,2021-03-23 22:12:41
966,Qluupmly'Ovdhyk,2;7WIf,qluuhmblualzGlehtwsl5vyn,2023-01-15 00:28:33
969,Khyylu'Zolythu,",Gb@n@n=@QzCwp",dpssphtzaolvkvylGlehtwsl5jvt,2021-05-25 15:26:36
971,Khcpk'Unbflu,rzeQFukT/OG<Da,zhtbls79Glehtwsl5jvt,2023-04-14 14:21:29
972,Qbzapu'Olyuhuklg,"*g=kzK,xV*M=G",lspghilaozjodhyagGlehtwsl5vyn,2020-06-25 05:05:36
975,Mylklypjr'Dhszo,+Ju1Xg-l7MxdiF,qluupmly8<Glehtwsl5ula,2020-06-03 21:26:53
978,Npuh'Nvughslg,/<CmFeYcG/L,tpjohlsyllzlGlehtwsl5ula,2020-07-07 00:36:21
980,Dpsspht'Qvfjl,0TN@Qn,tabjrlyGlehtwsl5ula,2020-01-30 03:47:28
983,Iyhukvu'Nyhf,c0Zl9Wa,ghjohyfwvdlyzGlehtwsl5jvt,2021-01-31 14:53:18
985,Qhupjl'Vyapg,Rhe@XyS,zalclutpsslyGlehtwsl5ula,2022-08-05 01:30:49
988,Jhpaspu'Npslz,"1m<:(zJdeFD,",apt7@Glehtwsl5jvt,2020-07-10 10:54:40
991,Hsspzvu'Zalwoluz,GX9nHpMy,dayhuGlehtwsl5vyn,2021-11-22 04:15:20
993,Qbzapu'Dpssphtz,OLB?Heay<G?C<W,xdypnoaGlehtwsl5vyn,2021-07-28 00:38:43
996,Tpajolss'Wlyyf,-G8Y(*@f@1-,tpjolssltjkvdlssGlehtwsl5ula,2020-11-24 20:11:28
999,Svyp'Nyllu,:Q/:BExr,ztpaoqvuhaohuGlehtwsl5jvt,2021-01-07 18:37:50
